2026-06-28 12:01:44 INFO  [restartedMain] EmployeeManagementApiApplication - Starting EmployeeManagementApiApplication using Java 21.0.11 with PID 21000 (C:\Users\Techtezllp\eclipse-workspace1\EmployeeManagementAPI\target\classes started by Techtezllp in C:\Users\Techtezllp\eclipse-workspace1\EmployeeManagementAPI)
2026-06-28 12:01:44 INFO  [restartedMain] EmployeeManagementApiApplication - No active profile set, falling back to 1 default profile: "default"
2026-06-28 12:01:44 INFO  [restartedMain] DevToolsPropertyDefaultsPostProcessor - Devtools property defaults active! Set 'spring.devtools.add-properties' to 'false' to disable
2026-06-28 12:01:44 INFO  [restartedMain] DevToolsPropertyDefaultsPostProcessor - For additional web related logging consider setting the 'logging.level.web' property to 'DEBUG'
2026-06-28 12:01:45 INFO  [restartedMain] RepositoryConfigurationDelegate - Bootstrapping Spring Data JPA repositories in DEFAULT mode.
2026-06-28 12:01:46 INFO  [restartedMain] RepositoryConfigurationDelegate - Finished Spring Data repository scanning in 120 ms. Found 1 JPA repository interface.
2026-06-28 12:01:47 INFO  [restartedMain] TomcatWebServer - Tomcat initialized with port 4040 (http)
2026-06-28 12:01:47 INFO  [restartedMain] Http11NioProtocol - Initializing ProtocolHandler ["http-nio-4040"]
2026-06-28 12:01:47 INFO  [restartedMain] StandardService - Starting service [Tomcat]
2026-06-28 12:01:47 INFO  [restartedMain] StandardEngine - Starting Servlet engine: [Apache Tomcat/11.0.22]
2026-06-28 12:01:47 INFO  [restartedMain] WebApplicationContextInitializer - Root WebApplicationContext: initialization completed in 2508 ms
2026-06-28 12:01:47 INFO  [restartedMain] jpa - HHH008540: Processing PersistenceUnitInfo [name: default]
2026-06-28 12:01:47 INFO  [restartedMain] core - HHH000001: Hibernate ORM core version 7.4.1.Final
2026-06-28 12:01:48 INFO  [restartedMain] SpringPersistenceUnitInfo - No LoadTimeWeaver setup: ignoring JPA class transformer
2026-06-28 12:01:48 WARN  [restartedMain] HikariConfig - HikariPool-1 - keepaliveTime is less than 30000ms, disabling it.
2026-06-28 12:01:48 INFO  [restartedMain] HikariDataSource - HikariPool-1 - Starting...
2026-06-28 12:01:48 INFO  [restartedMain] HikariPool - HikariPool-1 - Added connection com.mysql.cj.jdbc.ConnectionImpl@5c48778b
2026-06-28 12:01:48 INFO  [restartedMain] HikariDataSource - HikariPool-1 - Start completed.
2026-06-28 12:01:48 INFO  [restartedMain] pooling - HHH10001005: Database info:
	Database JDBC URL [jdbc:mysql:///techtezworkspace1]
	Database driver: MySQL Connector/J
	Database dialect: MySQLDialect
	Database version: 8.0.46
	Default catalog/schema: techtezworkspace1/undefined
	Autocommit mode: undefined/unknown
	Isolation level: REPEATABLE_READ [default REPEATABLE_READ]
	JDBC fetch size: none
	Pool: DataSourceConnectionProvider
	Minimum pool size: undefined/unknown
	Maximum pool size: undefined/unknown
2026-06-28 12:01:50 INFO  [restartedMain] core - HHH000489: No JTA platform available (set 'hibernate.transaction.jta.platform' to enable JTA platform integration)
2026-06-28 12:01:50 INFO  [restartedMain] LocalContainerEntityManagerFactoryBean - Initialized JPA EntityManagerFactory for persistence unit 'default'
2026-06-28 12:01:50 INFO  [restartedMain] QueryEnhancerFactories - Hibernate is in classpath; If applicable, HQL parser will be used.
2026-06-28 12:01:50 WARN  [restartedMain] JpaBaseConfiguration$JpaWebConfiguration - spring.jpa.open-in-view is enabled by default. Therefore, database queries may be performed during view rendering. Explicitly configure spring.jpa.open-in-view to disable this warning
2026-06-28 12:01:51 INFO  [restartedMain] Http11NioProtocol - Starting ProtocolHandler ["http-nio-4040"]
2026-06-28 12:01:51 INFO  [restartedMain] TomcatWebServer - Tomcat started on port 4040 (http) with context path '/EmployeeManagementAPI'
2026-06-28 12:01:51 INFO  [restartedMain] EmployeeManagementApiApplication - Started EmployeeManagementApiApplication in 7.375 seconds (process running for 8.829)
2026-06-28 12:02:57 INFO  [http-nio-4040-exec-1] [/EmployeeManagementAPI] - Initializing Spring DispatcherServlet 'dispatcherServlet'
2026-06-28 12:02:57 INFO  [http-nio-4040-exec-1] DispatcherServlet - Initializing Servlet 'dispatcherServlet'
2026-06-28 12:02:57 INFO  [http-nio-4040-exec-1] DispatcherServlet - Completed initialization in 3 ms
2026-06-28 12:02:58 INFO  [http-nio-4040-exec-1] EmployeeOperationsController - Received Request to save Employee
2026-06-28 12:02:58 INFO  [http-nio-4040-exec-1] EmployeeServiceImpl - Employee Saved with id : 1002
2026-06-28 12:02:58 INFO  [http-nio-4040-exec-1] EmployeeOperationsController - Employee saved Successfully
2026-06-28 12:11:02 INFO  [File Watcher] LocalDevToolsAutoConfiguration$RestartingClassPathChangeChangedEventListener - Restarting due to 1 class path change (0 additions, 0 deletions, 1 modification)
2026-06-28 12:11:02 INFO  [Thread-1] GracefulShutdown - Commencing graceful shutdown. Waiting for active requests to complete
2026-06-28 12:11:02 INFO  [tomcat-shutdown] Http11NioProtocol - Pausing ProtocolHandler ["http-nio-4040"]
2026-06-28 12:11:02 INFO  [tomcat-shutdown] GracefulShutdown - Graceful shutdown complete
2026-06-28 12:11:02 INFO  [Thread-1] Http11NioProtocol - Stopping ProtocolHandler ["http-nio-4040"]
2026-06-28 12:11:02 INFO  [Thread-1] LocalContainerEntityManagerFactoryBean - Closing JPA EntityManagerFactory for persistence unit 'default'
2026-06-28 12:11:02 INFO  [Thread-1] HikariDataSource - HikariPool-1 - Shutdown initiated...
2026-06-28 12:11:02 INFO  [Thread-1] HikariDataSource - HikariPool-1 - Shutdown completed.
2026-06-28 12:11:03 INFO  [restartedMain] EmployeeManagementApiApplication - Starting EmployeeManagementApiApplication using Java 21.0.11 with PID 21000 (C:\Users\Techtezllp\eclipse-workspace1\EmployeeManagementAPI\target\classes started by Techtezllp in C:\Users\Techtezllp\eclipse-workspace1\EmployeeManagementAPI)
2026-06-28 12:11:03 INFO  [restartedMain] EmployeeManagementApiApplication - No active profile set, falling back to 1 default profile: "default"
2026-06-28 12:11:03 INFO  [restartedMain] RepositoryConfigurationDelegate - Bootstrapping Spring Data JPA repositories in DEFAULT mode.
2026-06-28 12:11:03 INFO  [restartedMain] RepositoryConfigurationDelegate - Finished Spring Data repository scanning in 15 ms. Found 1 JPA repository interface.
2026-06-28 12:11:03 INFO  [restartedMain] TomcatWebServer - Tomcat initialized with port 4040 (http)
2026-06-28 12:11:03 INFO  [restartedMain] Http11NioProtocol - Initializing ProtocolHandler ["http-nio-4040"]
2026-06-28 12:11:03 INFO  [restartedMain] StandardService - Starting service [Tomcat]
2026-06-28 12:11:03 INFO  [restartedMain] StandardEngine - Starting Servlet engine: [Apache Tomcat/11.0.22]
2026-06-28 12:11:03 INFO  [restartedMain] WebApplicationContextInitializer - Root WebApplicationContext: initialization completed in 494 ms
2026-06-28 12:11:03 INFO  [restartedMain] jpa - HHH008540: Processing PersistenceUnitInfo [name: default]
2026-06-28 12:11:03 INFO  [restartedMain] SpringPersistenceUnitInfo - No LoadTimeWeaver setup: ignoring JPA class transformer
2026-06-28 12:11:03 WARN  [restartedMain] HikariConfig - HikariPool-2 - keepaliveTime is less than 30000ms, disabling it.
2026-06-28 12:11:03 INFO  [restartedMain] HikariDataSource - HikariPool-2 - Starting...
2026-06-28 12:11:03 INFO  [restartedMain] HikariPool - HikariPool-2 - Added connection com.mysql.cj.jdbc.ConnectionImpl@81b74df
2026-06-28 12:11:03 INFO  [restartedMain] HikariDataSource - HikariPool-2 - Start completed.
2026-06-28 12:11:03 INFO  [restartedMain] pooling - HHH10001005: Database info:
	Database JDBC URL [jdbc:mysql:///techtezworkspace1]
	Database driver: MySQL Connector/J
	Database dialect: MySQLDialect
	Database version: 8.0.46
	Default catalog/schema: techtezworkspace1/undefined
	Autocommit mode: undefined/unknown
	Isolation level: REPEATABLE_READ [default REPEATABLE_READ]
	JDBC fetch size: none
	Pool: DataSourceConnectionProvider
	Minimum pool size: undefined/unknown
	Maximum pool size: undefined/unknown
2026-06-28 12:11:03 INFO  [restartedMain] core - HHH000489: No JTA platform available (set 'hibernate.transaction.jta.platform' to enable JTA platform integration)
2026-06-28 12:11:03 INFO  [restartedMain] LocalContainerEntityManagerFactoryBean - Initialized JPA EntityManagerFactory for persistence unit 'default'
2026-06-28 12:11:04 WARN  [restartedMain] JpaBaseConfiguration$JpaWebConfiguration - spring.jpa.open-in-view is enabled by default. Therefore, database queries may be performed during view rendering. Explicitly configure spring.jpa.open-in-view to disable this warning
2026-06-28 12:11:04 INFO  [restartedMain] Http11NioProtocol - Starting ProtocolHandler ["http-nio-4040"]
2026-06-28 12:11:04 INFO  [restartedMain] TomcatWebServer - Tomcat started on port 4040 (http) with context path '/EmployeeManagementAPI'
2026-06-28 12:11:04 INFO  [restartedMain] EmployeeManagementApiApplication - Started EmployeeManagementApiApplication in 1.253 seconds (process running for 561.772)
2026-06-28 12:11:04 INFO  [restartedMain] ConditionEvaluationDeltaLoggingListener - Condition evaluation unchanged
2026-06-28 12:11:09 INFO  [File Watcher] LocalDevToolsAutoConfiguration$RestartingClassPathChangeChangedEventListener - Restarting due to 1 class path change (0 additions, 0 deletions, 1 modification)
2026-06-28 12:11:09 INFO  [Thread-5] GracefulShutdown - Commencing graceful shutdown. Waiting for active requests to complete
2026-06-28 12:11:09 INFO  [tomcat-shutdown] Http11NioProtocol - Pausing ProtocolHandler ["http-nio-4040"]
2026-06-28 12:11:09 INFO  [tomcat-shutdown] GracefulShutdown - Graceful shutdown complete
2026-06-28 12:11:09 INFO  [Thread-5] Http11NioProtocol - Stopping ProtocolHandler ["http-nio-4040"]
2026-06-28 12:11:09 INFO  [Thread-5] LocalContainerEntityManagerFactoryBean - Closing JPA EntityManagerFactory for persistence unit 'default'
2026-06-28 12:11:09 INFO  [Thread-5] HikariDataSource - HikariPool-2 - Shutdown initiated...
2026-06-28 12:11:09 INFO  [Thread-5] HikariDataSource - HikariPool-2 - Shutdown completed.
2026-06-28 12:11:09 INFO  [restartedMain] EmployeeManagementApiApplication - Starting EmployeeManagementApiApplication using Java 21.0.11 with PID 21000 (C:\Users\Techtezllp\eclipse-workspace1\EmployeeManagementAPI\target\classes started by Techtezllp in C:\Users\Techtezllp\eclipse-workspace1\EmployeeManagementAPI)
2026-06-28 12:11:09 INFO  [restartedMain] EmployeeManagementApiApplication - No active profile set, falling back to 1 default profile: "default"
2026-06-28 12:11:10 INFO  [restartedMain] RepositoryConfigurationDelegate - Bootstrapping Spring Data JPA repositories in DEFAULT mode.
2026-06-28 12:11:10 INFO  [restartedMain] RepositoryConfigurationDelegate - Finished Spring Data repository scanning in 14 ms. Found 1 JPA repository interface.
2026-06-28 12:11:10 INFO  [restartedMain] TomcatWebServer - Tomcat initialized with port 4040 (http)
2026-06-28 12:11:10 INFO  [restartedMain] Http11NioProtocol - Initializing ProtocolHandler ["http-nio-4040"]
2026-06-28 12:11:10 INFO  [restartedMain] StandardService - Starting service [Tomcat]
2026-06-28 12:11:10 INFO  [restartedMain] StandardEngine - Starting Servlet engine: [Apache Tomcat/11.0.22]
2026-06-28 12:11:10 INFO  [restartedMain] WebApplicationContextInitializer - Root WebApplicationContext: initialization completed in 453 ms
2026-06-28 12:11:10 INFO  [restartedMain] jpa - HHH008540: Processing PersistenceUnitInfo [name: default]
2026-06-28 12:11:10 INFO  [restartedMain] SpringPersistenceUnitInfo - No LoadTimeWeaver setup: ignoring JPA class transformer
2026-06-28 12:11:10 WARN  [restartedMain] HikariConfig - HikariPool-3 - keepaliveTime is less than 30000ms, disabling it.
2026-06-28 12:11:10 INFO  [restartedMain] HikariDataSource - HikariPool-3 - Starting...
2026-06-28 12:11:10 INFO  [restartedMain] HikariPool - HikariPool-3 - Added connection com.mysql.cj.jdbc.ConnectionImpl@6be8a1e5
2026-06-28 12:11:10 INFO  [restartedMain] HikariDataSource - HikariPool-3 - Start completed.
2026-06-28 12:11:10 INFO  [restartedMain] pooling - HHH10001005: Database info:
	Database JDBC URL [jdbc:mysql:///techtezworkspace1]
	Database driver: MySQL Connector/J
	Database dialect: MySQLDialect
	Database version: 8.0.46
	Default catalog/schema: techtezworkspace1/undefined
	Autocommit mode: undefined/unknown
	Isolation level: REPEATABLE_READ [default REPEATABLE_READ]
	JDBC fetch size: none
	Pool: DataSourceConnectionProvider
	Minimum pool size: undefined/unknown
	Maximum pool size: undefined/unknown
2026-06-28 12:11:10 INFO  [restartedMain] core - HHH000489: No JTA platform available (set 'hibernate.transaction.jta.platform' to enable JTA platform integration)
2026-06-28 12:11:10 INFO  [restartedMain] LocalContainerEntityManagerFactoryBean - Initialized JPA EntityManagerFactory for persistence unit 'default'
2026-06-28 12:11:10 WARN  [restartedMain] JpaBaseConfiguration$JpaWebConfiguration - spring.jpa.open-in-view is enabled by default. Therefore, database queries may be performed during view rendering. Explicitly configure spring.jpa.open-in-view to disable this warning
2026-06-28 12:11:10 INFO  [restartedMain] Http11NioProtocol - Starting ProtocolHandler ["http-nio-4040"]
2026-06-28 12:11:45 INFO  [restartedMain] EmployeeManagementApiApplication - Starting EmployeeManagementApiApplication using Java 21.0.11 with PID 18384 (C:\Users\Techtezllp\eclipse-workspace1\EmployeeManagementAPI\target\classes started by Techtezllp in C:\Users\Techtezllp\eclipse-workspace1\EmployeeManagementAPI)
2026-06-28 12:11:45 INFO  [restartedMain] EmployeeManagementApiApplication - No active profile set, falling back to 1 default profile: "default"
2026-06-28 12:11:45 INFO  [restartedMain] DevToolsPropertyDefaultsPostProcessor - Devtools property defaults active! Set 'spring.devtools.add-properties' to 'false' to disable
2026-06-28 12:11:45 INFO  [restartedMain] DevToolsPropertyDefaultsPostProcessor - For additional web related logging consider setting the 'logging.level.web' property to 'DEBUG'
2026-06-28 12:11:46 INFO  [restartedMain] RepositoryConfigurationDelegate - Bootstrapping Spring Data JPA repositories in DEFAULT mode.
2026-06-28 12:11:46 INFO  [restartedMain] RepositoryConfigurationDelegate - Finished Spring Data repository scanning in 157 ms. Found 1 JPA repository interface.
2026-06-28 12:11:47 INFO  [restartedMain] TomcatWebServer - Tomcat initialized with port 4040 (http)
2026-06-28 12:11:47 INFO  [restartedMain] Http11NioProtocol - Initializing ProtocolHandler ["http-nio-4040"]
2026-06-28 12:11:47 INFO  [restartedMain] StandardService - Starting service [Tomcat]
2026-06-28 12:11:47 INFO  [restartedMain] StandardEngine - Starting Servlet engine: [Apache Tomcat/11.0.22]
2026-06-28 12:11:48 INFO  [restartedMain] WebApplicationContextInitializer - Root WebApplicationContext: initialization completed in 2902 ms
2026-06-28 12:11:48 INFO  [restartedMain] jpa - HHH008540: Processing PersistenceUnitInfo [name: default]
2026-06-28 12:11:48 INFO  [restartedMain] core - HHH000001: Hibernate ORM core version 7.4.1.Final
2026-06-28 12:11:49 INFO  [restartedMain] SpringPersistenceUnitInfo - No LoadTimeWeaver setup: ignoring JPA class transformer
2026-06-28 12:11:50 WARN  [restartedMain] HikariConfig - HikariPool-1 - keepaliveTime is less than 30000ms, disabling it.
2026-06-28 12:11:50 INFO  [restartedMain] HikariDataSource - HikariPool-1 - Starting...
2026-06-28 12:11:50 INFO  [restartedMain] HikariPool - HikariPool-1 - Added connection com.mysql.cj.jdbc.ConnectionImpl@640eb8e4
2026-06-28 12:11:50 INFO  [restartedMain] HikariDataSource - HikariPool-1 - Start completed.
2026-06-28 12:11:51 INFO  [restartedMain] pooling - HHH10001005: Database info:
	Database JDBC URL [jdbc:mysql:///techtezworkspace1]
	Database driver: MySQL Connector/J
	Database dialect: MySQLDialect
	Database version: 8.0.46
	Default catalog/schema: techtezworkspace1/undefined
	Autocommit mode: undefined/unknown
	Isolation level: REPEATABLE_READ [default REPEATABLE_READ]
	JDBC fetch size: none
	Pool: DataSourceConnectionProvider
	Minimum pool size: undefined/unknown
	Maximum pool size: undefined/unknown
2026-06-28 12:11:52 INFO  [restartedMain] core - HHH000489: No JTA platform available (set 'hibernate.transaction.jta.platform' to enable JTA platform integration)
2026-06-28 12:11:53 INFO  [restartedMain] LocalContainerEntityManagerFactoryBean - Initialized JPA EntityManagerFactory for persistence unit 'default'
2026-06-28 12:11:53 INFO  [restartedMain] QueryEnhancerFactories - Hibernate is in classpath; If applicable, HQL parser will be used.
2026-06-28 12:11:53 WARN  [restartedMain] JpaBaseConfiguration$JpaWebConfiguration - spring.jpa.open-in-view is enabled by default. Therefore, database queries may be performed during view rendering. Explicitly configure spring.jpa.open-in-view to disable this warning
2026-06-28 12:11:54 INFO  [restartedMain] Http11NioProtocol - Starting ProtocolHandler ["http-nio-4040"]
2026-06-28 12:11:54 INFO  [restartedMain] TomcatWebServer - Tomcat started on port 4040 (http) with context path '/EmployeeManagementAPI'
2026-06-28 12:11:54 INFO  [restartedMain] EmployeeManagementApiApplication - Started EmployeeManagementApiApplication in 9.93 seconds (process running for 11.145)
2026-06-28 12:16:18 INFO  [http-nio-4040-exec-2] [/EmployeeManagementAPI] - Initializing Spring DispatcherServlet 'dispatcherServlet'
2026-06-28 12:16:18 INFO  [http-nio-4040-exec-2] DispatcherServlet - Initializing Servlet 'dispatcherServlet'
2026-06-28 12:16:18 INFO  [http-nio-4040-exec-2] DispatcherServlet - Completed initialization in 3 ms
2026-06-28 12:16:19 INFO  [http-nio-4040-exec-2] EmployeeOperationsController - Received Request to fetch All Employees
2026-06-28 12:16:19 INFO  [http-nio-4040-exec-2] EmployeeServiceImpl - Received Request to Get All Employees.
2026-06-28 12:16:19 INFO  [http-nio-4040-exec-2] EmployeeServiceImpl - Employee Fetched Successfully Having size: 2 :
2026-06-28 12:16:19 INFO  [http-nio-4040-exec-2] EmployeeOperationsController - All Employees fetched Successfully
2026-06-28 13:03:53 WARN  [HikariPool-1:housekeeper] HikariPool - HikariPool-1 - Thread starvation or clock leap detected (housekeeper delta=17m29s737ms537µs400ns).
2026-06-28 13:20:19 WARN  [HikariPool-1:housekeeper] HikariPool - HikariPool-1 - Thread starvation or clock leap detected (housekeeper delta=16m26s480ms671µs300ns).
2026-06-29 09:43:11 WARN  [HikariPool-1:housekeeper] HikariPool - HikariPool-1 - Thread starvation or clock leap detected (housekeeper delta=20h22m56s64ms137µs300ns).
2026-06-29 11:09:23 WARN  [HikariPool-1:housekeeper] HikariPool - HikariPool-1 - Thread starvation or clock leap detected (housekeeper delta=1m11s64ms280µs300ns).
2026-06-29 11:28:45 WARN  [HikariPool-1:housekeeper] HikariPool - HikariPool-1 - Thread starvation or clock leap detected (housekeeper delta=19m26s92ms911µs900ns).
2026-06-29 13:45:09 WARN  [HikariPool-1:housekeeper] HikariPool - HikariPool-1 - Thread starvation or clock leap detected (housekeeper delta=32m51s887ms887µs300ns).
2026-06-29 13:57:42 WARN  [HikariPool-1:housekeeper] HikariPool - HikariPool-1 - Thread starvation or clock leap detected (housekeeper delta=11m33s36ms99µs700ns).
2026-06-29 16:04:25 WARN  [HikariPool-1:housekeeper] HikariPool - HikariPool-1 - Thread starvation or clock leap detected (housekeeper delta=3m9s996ms203µs600ns).
2026-06-29 16:11:21 INFO  [File Watcher] LocalDevToolsAutoConfiguration$RestartingClassPathChangeChangedEventListener - Restarting due to 1 class path change (0 additions, 0 deletions, 1 modification)
2026-06-29 16:11:21 INFO  [Thread-1] GracefulShutdown - Commencing graceful shutdown. Waiting for active requests to complete
2026-06-29 16:11:21 INFO  [tomcat-shutdown] Http11NioProtocol - Pausing ProtocolHandler ["http-nio-4040"]
2026-06-29 16:11:22 INFO  [tomcat-shutdown] GracefulShutdown - Graceful shutdown complete
2026-06-29 16:11:22 INFO  [Thread-1] Http11NioProtocol - Stopping ProtocolHandler ["http-nio-4040"]
2026-06-29 16:11:22 INFO  [Thread-1] LocalContainerEntityManagerFactoryBean - Closing JPA EntityManagerFactory for persistence unit 'default'
2026-06-29 16:11:22 INFO  [Thread-1] HikariDataSource - HikariPool-1 - Shutdown initiated...
2026-06-29 16:11:22 INFO  [Thread-1] HikariDataSource - HikariPool-1 - Shutdown completed.
2026-06-29 16:11:26 INFO  [restartedMain] EmployeeManagementApiApplication - Starting EmployeeManagementApiApplication using Java 21.0.11 with PID 18384 (C:\Users\Techtezllp\eclipse-workspace1\EmployeeManagementAPI\target\classes started by Techtezllp in C:\Users\Techtezllp\eclipse-workspace1\EmployeeManagementAPI)
2026-06-29 16:11:26 INFO  [restartedMain] EmployeeManagementApiApplication - No active profile set, falling back to 1 default profile: "default"
2026-06-29 16:11:30 INFO  [restartedMain] RepositoryConfigurationDelegate - Bootstrapping Spring Data JPA repositories in DEFAULT mode.
2026-06-29 16:11:30 INFO  [restartedMain] RepositoryConfigurationDelegate - Finished Spring Data repository scanning in 33 ms. Found 1 JPA repository interface.
2026-06-29 16:11:31 INFO  [restartedMain] TomcatWebServer - Tomcat initialized with port 4040 (http)
2026-06-29 16:11:31 INFO  [restartedMain] Http11NioProtocol - Initializing ProtocolHandler ["http-nio-4040"]
2026-06-29 16:11:31 INFO  [restartedMain] StandardService - Starting service [Tomcat]
2026-06-29 16:11:31 INFO  [restartedMain] StandardEngine - Starting Servlet engine: [Apache Tomcat/11.0.22]
2026-06-29 16:11:31 INFO  [restartedMain] WebApplicationContextInitializer - Root WebApplicationContext: initialization completed in 4173 ms
2026-06-29 16:11:31 INFO  [restartedMain] jpa - HHH008540: Processing PersistenceUnitInfo [name: default]
2026-06-29 16:11:31 INFO  [restartedMain] SpringPersistenceUnitInfo - No LoadTimeWeaver setup: ignoring JPA class transformer
2026-06-29 16:11:31 WARN  [restartedMain] HikariConfig - HikariPool-2 - keepaliveTime is less than 30000ms, disabling it.
2026-06-29 16:11:31 INFO  [restartedMain] HikariDataSource - HikariPool-2 - Starting...
2026-06-29 16:11:31 INFO  [restartedMain] HikariPool - HikariPool-2 - Added connection com.mysql.cj.jdbc.ConnectionImpl@27c38d60
2026-06-29 16:11:31 INFO  [restartedMain] HikariDataSource - HikariPool-2 - Start completed.
2026-06-29 16:11:31 INFO  [restartedMain] pooling - HHH10001005: Database info:
	Database JDBC URL [jdbc:mysql:///techtezworkspace1]
	Database driver: MySQL Connector/J
	Database dialect: MySQLDialect
	Database version: 8.0.46
	Default catalog/schema: techtezworkspace1/undefined
	Autocommit mode: undefined/unknown
	Isolation level: REPEATABLE_READ [default REPEATABLE_READ]
	JDBC fetch size: none
	Pool: DataSourceConnectionProvider
	Minimum pool size: undefined/unknown
	Maximum pool size: undefined/unknown
2026-06-29 16:11:31 ERROR [restartedMain] LocalContainerEntityManagerFactoryBean - Failed to initialize JPA EntityManagerFactory: Unable to build Hibernate SessionFactory  [persistence unit: default] ; nested exception is org.hibernate.InstantiationException: Could not instantiate entity 'com.techtez.entity.Employee' due to: null
2026-06-29 16:11:31 WARN  [restartedMain] AnnotationConfigServletWebServerApplicationContext - Exception encountered during context initialization - cancelling refresh attempt: org.springframework.beans.factory.BeanCreationException: Error creating bean with name 'entityManagerFactory' defined in class path resource [org/springframework/boot/hibernate/autoconfigure/HibernateJpaConfiguration.class]: Unable to build Hibernate SessionFactory  [persistence unit: default] ; nested exception is org.hibernate.InstantiationException: Could not instantiate entity 'com.techtez.entity.Employee' due to: null
2026-06-29 16:11:31 INFO  [restartedMain] HikariDataSource - HikariPool-2 - Shutdown initiated...
2026-06-29 16:11:31 INFO  [restartedMain] HikariDataSource - HikariPool-2 - Shutdown completed.
2026-06-29 16:11:31 INFO  [restartedMain] StandardService - Stopping service [Tomcat]
2026-06-29 16:11:31 INFO  [restartedMain] ConditionEvaluationReportLogger - 

Error starting ApplicationContext. To display the condition evaluation report re-run your application with 'debug' enabled.
2026-06-29 16:11:31 ERROR [restartedMain] SpringApplication - Application run failed
org.springframework.beans.factory.BeanCreationException: Error creating bean with name 'entityManagerFactory' defined in class path resource [org/springframework/boot/hibernate/autoconfigure/HibernateJpaConfiguration.class]: Unable to build Hibernate SessionFactory  [persistence unit: default] ; nested exception is org.hibernate.InstantiationException: Could not instantiate entity 'com.techtez.entity.Employee' due to: null
	at org.springframework.beans.factory.support.AbstractAutowireCapableBeanFactory.initializeBean(AbstractAutowireCapableBeanFactory.java:1815)
	at org.springframework.beans.factory.support.AbstractAutowireCapableBeanFactory.doCreateBean(AbstractAutowireCapableBeanFactory.java:603)
	at org.springframework.beans.factory.support.AbstractAutowireCapableBeanFactory.createBean(AbstractAutowireCapableBeanFactory.java:525)
	at org.springframework.beans.factory.support.AbstractBeanFactory.lambda$doGetBean$0(AbstractBeanFactory.java:333)
	at org.springframework.beans.factory.support.DefaultSingletonBeanRegistry.getSingleton(DefaultSingletonBeanRegistry.java:371)
	at org.springframework.beans.factory.support.AbstractBeanFactory.doGetBean(AbstractBeanFactory.java:331)
	at org.springframework.beans.factory.support.AbstractBeanFactory.getBean(AbstractBeanFactory.java:201)
	at org.springframework.context.support.AbstractApplicationContext.finishBeanFactoryInitialization(AbstractApplicationContext.java:977)
	at org.springframework.context.support.AbstractApplicationContext.refresh(AbstractApplicationContext.java:621)
	at org.springframework.boot.web.server.servlet.context.ServletWebServerApplicationContext.refresh(ServletWebServerApplicationContext.java:143)
	at org.springframework.boot.SpringApplication.refresh(SpringApplication.java:756)
	at org.springframework.boot.SpringApplication.refreshContext(SpringApplication.java:445)
	at org.springframework.boot.SpringApplication.run(SpringApplication.java:321)
	at org.springframework.boot.SpringApplication.run(SpringApplication.java:1365)
	at org.springframework.boot.SpringApplication.run(SpringApplication.java:1354)
	at com.techtez.EmployeeManagementApiApplication.main(EmployeeManagementApiApplication.java:10)
	at java.base/jdk.internal.reflect.DirectMethodHandleAccessor.invoke(DirectMethodHandleAccessor.java:103)
	at java.base/java.lang.reflect.Method.invoke(Method.java:580)
	at org.springframework.boot.devtools.restart.RestartLauncher.run(RestartLauncher.java:52)
Caused by: jakarta.persistence.PersistenceException: Unable to build Hibernate SessionFactory  [persistence unit: default] ; nested exception is org.hibernate.InstantiationException: Could not instantiate entity 'com.techtez.entity.Employee' due to: null
	at org.springframework.orm.jpa.AbstractEntityManagerFactoryBean.buildNativeEntityManagerFactory(AbstractEntityManagerFactoryBean.java:448)
	at org.springframework.orm.jpa.AbstractEntityManagerFactoryBean.afterPropertiesSet(AbstractEntityManagerFactoryBean.java:411)
	at org.springframework.orm.jpa.LocalContainerEntityManagerFactoryBean.afterPropertiesSet(LocalContainerEntityManagerFactoryBean.java:419)
	at org.springframework.beans.factory.support.AbstractAutowireCapableBeanFactory.invokeInitMethods(AbstractAutowireCapableBeanFactory.java:1862)
	at org.springframework.beans.factory.support.AbstractAutowireCapableBeanFactory.initializeBean(AbstractAutowireCapableBeanFactory.java:1811)
	... 18 more
Caused by: org.hibernate.InstantiationException: Could not instantiate entity 'com.techtez.entity.Employee' due to: null
	at org.hibernate.metamodel.internal.EntityInstantiatorPojoStandard.instantiate(EntityInstantiatorPojoStandard.java:101)
	at org.hibernate.engine.internal.UnsavedValueFactory.inferUnsavedIdentifierValue(UnsavedValueFactory.java:54)
	at org.hibernate.engine.internal.UnsavedValueFactory.getUnsavedIdentifierValue(UnsavedValueFactory.java:39)
	at org.hibernate.metamodel.mapping.internal.BasicEntityIdentifierMappingImpl.<init>(BasicEntityIdentifierMappingImpl.java:144)
	at org.hibernate.persister.entity.AbstractEntityPersister.generateIdentifierMapping(AbstractEntityPersister.java:5360)
	at org.hibernate.persister.entity.AbstractEntityPersister.lambda$prepareMappingModel$0(AbstractEntityPersister.java:5003)
	at org.hibernate.metamodel.mapping.internal.MappingModelCreationProcess.processSubPart(MappingModelCreationProcess.java:170)
	at org.hibernate.persister.entity.AbstractEntityPersister.prepareMappingModel(AbstractEntityPersister.java:5002)
	at org.hibernate.persister.entity.AbstractEntityPersister.initializeSpecialAttributeMappings(AbstractEntityPersister.java:4824)
	at org.hibernate.persister.entity.AbstractEntityPersister.prepareMappings(AbstractEntityPersister.java:4805)
	at org.hibernate.persister.entity.AbstractEntityPersister.prepareMappingModel(AbstractEntityPersister.java:4773)
	at org.hibernate.metamodel.mapping.internal.MappingModelCreationProcess.execute(MappingModelCreationProcess.java:88)
	at org.hibernate.metamodel.mapping.internal.MappingModelCreationProcess.process(MappingModelCreationProcess.java:43)
	at org.hibernate.metamodel.model.domain.internal.MappingMetamodelImpl.finishInitialization(MappingMetamodelImpl.java:166)
	at org.hibernate.internal.SessionFactoryImpl.<init>(SessionFactoryImpl.java:287)
	at org.hibernate.internal.SessionFactoryRegistry.instantiateSessionFactory(SessionFactoryRegistry.java:64)
	at org.hibernate.boot.internal.SessionFactoryBuilderImpl.build(SessionFactoryBuilderImpl.java:458)
	at org.hibernate.jpa.boot.internal.EntityManagerFactoryBuilderImpl.build(EntityManagerFactoryBuilderImpl.java:1452)
	at org.springframework.orm.jpa.vendor.SpringHibernateJpaPersistenceProvider.createContainerEntityManagerFactory(SpringHibernateJpaPersistenceProvider.java:93)
	at org.springframework.orm.jpa.LocalContainerEntityManagerFactoryBean.createNativeEntityManagerFactory(LocalContainerEntityManagerFactoryBean.java:443)
	at org.springframework.orm.jpa.AbstractEntityManagerFactoryBean.buildNativeEntityManagerFactory(AbstractEntityManagerFactoryBean.java:436)
	... 22 more
Caused by: java.lang.reflect.InvocationTargetException
	at java.base/jdk.internal.reflect.DirectConstructorHandleAccessor.newInstance(DirectConstructorHandleAccessor.java:74)
	at java.base/java.lang.reflect.Constructor.newInstanceWithCaller(Constructor.java:502)
	at java.base/java.lang.reflect.Constructor.newInstance(Constructor.java:486)
	at org.hibernate.metamodel.internal.EntityInstantiatorPojoStandard.instantiate(EntityInstantiatorPojoStandard.java:98)
	... 42 more
Caused by: java.lang.Error: Unresolved compilation problems: 
	The attribute message is undefined for the annotation type NotNull
	Min cannot be resolved to a type

	at com.techtez.entity.Employee.<init>(Employee.java:43)
	at java.base/jdk.internal.reflect.DirectConstructorHandleAccessor.newInstance(DirectConstructorHandleAccessor.java:62)
	... 45 more
2026-06-29 16:11:33 INFO  [restartedMain] EmployeeManagementApiApplication - Starting EmployeeManagementApiApplication using Java 21.0.11 with PID 18384 (C:\Users\Techtezllp\eclipse-workspace1\EmployeeManagementAPI\target\classes started by Techtezllp in C:\Users\Techtezllp\eclipse-workspace1\EmployeeManagementAPI)
2026-06-29 16:11:33 INFO  [restartedMain] EmployeeManagementApiApplication - No active profile set, falling back to 1 default profile: "default"
2026-06-29 16:11:33 INFO  [restartedMain] RepositoryConfigurationDelegate - Bootstrapping Spring Data JPA repositories in DEFAULT mode.
2026-06-29 16:11:33 INFO  [restartedMain] RepositoryConfigurationDelegate - Finished Spring Data repository scanning in 11 ms. Found 1 JPA repository interface.
2026-06-29 16:11:33 INFO  [restartedMain] TomcatWebServer - Tomcat initialized with port 4040 (http)
2026-06-29 16:11:33 INFO  [restartedMain] Http11NioProtocol - Initializing ProtocolHandler ["http-nio-4040"]
2026-06-29 16:11:33 INFO  [restartedMain] StandardService - Starting service [Tomcat]
2026-06-29 16:11:33 INFO  [restartedMain] StandardEngine - Starting Servlet engine: [Apache Tomcat/11.0.22]
2026-06-29 16:11:33 INFO  [restartedMain] WebApplicationContextInitializer - Root WebApplicationContext: initialization completed in 460 ms
2026-06-29 16:11:33 INFO  [restartedMain] jpa - HHH008540: Processing PersistenceUnitInfo [name: default]
2026-06-29 16:11:33 INFO  [restartedMain] SpringPersistenceUnitInfo - No LoadTimeWeaver setup: ignoring JPA class transformer
2026-06-29 16:11:33 WARN  [restartedMain] HikariConfig - HikariPool-3 - keepaliveTime is less than 30000ms, disabling it.
2026-06-29 16:11:33 INFO  [restartedMain] HikariDataSource - HikariPool-3 - Starting...
2026-06-29 16:11:33 INFO  [restartedMain] HikariPool - HikariPool-3 - Added connection com.mysql.cj.jdbc.ConnectionImpl@3e76610f
2026-06-29 16:11:33 INFO  [restartedMain] HikariDataSource - HikariPool-3 - Start completed.
2026-06-29 16:11:33 INFO  [restartedMain] pooling - HHH10001005: Database info:
	Database JDBC URL [jdbc:mysql:///techtezworkspace1]
	Database driver: MySQL Connector/J
	Database dialect: MySQLDialect
	Database version: 8.0.46
	Default catalog/schema: techtezworkspace1/undefined
	Autocommit mode: undefined/unknown
	Isolation level: REPEATABLE_READ [default REPEATABLE_READ]
	JDBC fetch size: none
	Pool: DataSourceConnectionProvider
	Minimum pool size: undefined/unknown
	Maximum pool size: undefined/unknown
2026-06-29 16:11:33 ERROR [restartedMain] LocalContainerEntityManagerFactoryBean - Failed to initialize JPA EntityManagerFactory: Unable to build Hibernate SessionFactory  [persistence unit: default] ; nested exception is org.hibernate.InstantiationException: Could not instantiate entity 'com.techtez.entity.Employee' due to: null
2026-06-29 16:11:33 WARN  [restartedMain] AnnotationConfigServletWebServerApplicationContext - Exception encountered during context initialization - cancelling refresh attempt: org.springframework.beans.factory.BeanCreationException: Error creating bean with name 'entityManagerFactory' defined in class path resource [org/springframework/boot/hibernate/autoconfigure/HibernateJpaConfiguration.class]: Unable to build Hibernate SessionFactory  [persistence unit: default] ; nested exception is org.hibernate.InstantiationException: Could not instantiate entity 'com.techtez.entity.Employee' due to: null
2026-06-29 16:11:33 INFO  [restartedMain] HikariDataSource - HikariPool-3 - Shutdown initiated...
2026-06-29 16:11:33 INFO  [restartedMain] HikariDataSource - HikariPool-3 - Shutdown completed.
2026-06-29 16:11:33 INFO  [restartedMain] StandardService - Stopping service [Tomcat]
2026-06-29 16:11:33 INFO  [restartedMain] ConditionEvaluationReportLogger - 

Error starting ApplicationContext. To display the condition evaluation report re-run your application with 'debug' enabled.
2026-06-29 16:11:33 ERROR [restartedMain] SpringApplication - Application run failed
org.springframework.beans.factory.BeanCreationException: Error creating bean with name 'entityManagerFactory' defined in class path resource [org/springframework/boot/hibernate/autoconfigure/HibernateJpaConfiguration.class]: Unable to build Hibernate SessionFactory  [persistence unit: default] ; nested exception is org.hibernate.InstantiationException: Could not instantiate entity 'com.techtez.entity.Employee' due to: null
	at org.springframework.beans.factory.support.AbstractAutowireCapableBeanFactory.initializeBean(AbstractAutowireCapableBeanFactory.java:1815)
	at org.springframework.beans.factory.support.AbstractAutowireCapableBeanFactory.doCreateBean(AbstractAutowireCapableBeanFactory.java:603)
	at org.springframework.beans.factory.support.AbstractAutowireCapableBeanFactory.createBean(AbstractAutowireCapableBeanFactory.java:525)
	at org.springframework.beans.factory.support.AbstractBeanFactory.lambda$doGetBean$0(AbstractBeanFactory.java:333)
	at org.springframework.beans.factory.support.DefaultSingletonBeanRegistry.getSingleton(DefaultSingletonBeanRegistry.java:371)
	at org.springframework.beans.factory.support.AbstractBeanFactory.doGetBean(AbstractBeanFactory.java:331)
	at org.springframework.beans.factory.support.AbstractBeanFactory.getBean(AbstractBeanFactory.java:201)
	at org.springframework.context.support.AbstractApplicationContext.finishBeanFactoryInitialization(AbstractApplicationContext.java:977)
	at org.springframework.context.support.AbstractApplicationContext.refresh(AbstractApplicationContext.java:621)
	at org.springframework.boot.web.server.servlet.context.ServletWebServerApplicationContext.refresh(ServletWebServerApplicationContext.java:143)
	at org.springframework.boot.SpringApplication.refresh(SpringApplication.java:756)
	at org.springframework.boot.SpringApplication.refreshContext(SpringApplication.java:445)
	at org.springframework.boot.SpringApplication.run(SpringApplication.java:321)
	at org.springframework.boot.SpringApplication.run(SpringApplication.java:1365)
	at org.springframework.boot.SpringApplication.run(SpringApplication.java:1354)
	at com.techtez.EmployeeManagementApiApplication.main(EmployeeManagementApiApplication.java:10)
	at java.base/jdk.internal.reflect.DirectMethodHandleAccessor.invoke(DirectMethodHandleAccessor.java:103)
	at java.base/java.lang.reflect.Method.invoke(Method.java:580)
	at org.springframework.boot.devtools.restart.RestartLauncher.run(RestartLauncher.java:52)
Caused by: jakarta.persistence.PersistenceException: Unable to build Hibernate SessionFactory  [persistence unit: default] ; nested exception is org.hibernate.InstantiationException: Could not instantiate entity 'com.techtez.entity.Employee' due to: null
	at org.springframework.orm.jpa.AbstractEntityManagerFactoryBean.buildNativeEntityManagerFactory(AbstractEntityManagerFactoryBean.java:448)
	at org.springframework.orm.jpa.AbstractEntityManagerFactoryBean.afterPropertiesSet(AbstractEntityManagerFactoryBean.java:411)
	at org.springframework.orm.jpa.LocalContainerEntityManagerFactoryBean.afterPropertiesSet(LocalContainerEntityManagerFactoryBean.java:419)
	at org.springframework.beans.factory.support.AbstractAutowireCapableBeanFactory.invokeInitMethods(AbstractAutowireCapableBeanFactory.java:1862)
	at org.springframework.beans.factory.support.AbstractAutowireCapableBeanFactory.initializeBean(AbstractAutowireCapableBeanFactory.java:1811)
	... 18 more
Caused by: org.hibernate.InstantiationException: Could not instantiate entity 'com.techtez.entity.Employee' due to: null
	at org.hibernate.metamodel.internal.EntityInstantiatorPojoStandard.instantiate(EntityInstantiatorPojoStandard.java:101)
	at org.hibernate.engine.internal.UnsavedValueFactory.inferUnsavedIdentifierValue(UnsavedValueFactory.java:54)
	at org.hibernate.engine.internal.UnsavedValueFactory.getUnsavedIdentifierValue(UnsavedValueFactory.java:39)
	at org.hibernate.metamodel.mapping.internal.BasicEntityIdentifierMappingImpl.<init>(BasicEntityIdentifierMappingImpl.java:144)
	at org.hibernate.persister.entity.AbstractEntityPersister.generateIdentifierMapping(AbstractEntityPersister.java:5360)
	at org.hibernate.persister.entity.AbstractEntityPersister.lambda$prepareMappingModel$0(AbstractEntityPersister.java:5003)
	at org.hibernate.metamodel.mapping.internal.MappingModelCreationProcess.processSubPart(MappingModelCreationProcess.java:170)
	at org.hibernate.persister.entity.AbstractEntityPersister.prepareMappingModel(AbstractEntityPersister.java:5002)
	at org.hibernate.persister.entity.AbstractEntityPersister.initializeSpecialAttributeMappings(AbstractEntityPersister.java:4824)
	at org.hibernate.persister.entity.AbstractEntityPersister.prepareMappings(AbstractEntityPersister.java:4805)
	at org.hibernate.persister.entity.AbstractEntityPersister.prepareMappingModel(AbstractEntityPersister.java:4773)
	at org.hibernate.metamodel.mapping.internal.MappingModelCreationProcess.execute(MappingModelCreationProcess.java:88)
	at org.hibernate.metamodel.mapping.internal.MappingModelCreationProcess.process(MappingModelCreationProcess.java:43)
	at org.hibernate.metamodel.model.domain.internal.MappingMetamodelImpl.finishInitialization(MappingMetamodelImpl.java:166)
	at org.hibernate.internal.SessionFactoryImpl.<init>(SessionFactoryImpl.java:287)
	at org.hibernate.internal.SessionFactoryRegistry.instantiateSessionFactory(SessionFactoryRegistry.java:64)
	at org.hibernate.boot.internal.SessionFactoryBuilderImpl.build(SessionFactoryBuilderImpl.java:458)
	at org.hibernate.jpa.boot.internal.EntityManagerFactoryBuilderImpl.build(EntityManagerFactoryBuilderImpl.java:1452)
	at org.springframework.orm.jpa.vendor.SpringHibernateJpaPersistenceProvider.createContainerEntityManagerFactory(SpringHibernateJpaPersistenceProvider.java:93)
	at org.springframework.orm.jpa.LocalContainerEntityManagerFactoryBean.createNativeEntityManagerFactory(LocalContainerEntityManagerFactoryBean.java:443)
	at org.springframework.orm.jpa.AbstractEntityManagerFactoryBean.buildNativeEntityManagerFactory(AbstractEntityManagerFactoryBean.java:436)
	... 22 more
Caused by: java.lang.reflect.InvocationTargetException
	at java.base/jdk.internal.reflect.DirectConstructorHandleAccessor.newInstance(DirectConstructorHandleAccessor.java:74)
	at java.base/java.lang.reflect.Constructor.newInstanceWithCaller(Constructor.java:502)
	at java.base/java.lang.reflect.Constructor.newInstance(Constructor.java:486)
	at org.hibernate.metamodel.internal.EntityInstantiatorPojoStandard.instantiate(EntityInstantiatorPojoStandard.java:98)
	... 42 more
Caused by: java.lang.Error: Unresolved compilation problems: 
	The attribute message is undefined for the annotation type NotNull
	Min cannot be resolved to a type

	at com.techtez.entity.Employee.<init>(Employee.java:43)
	at java.base/jdk.internal.reflect.DirectConstructorHandleAccessor.newInstance(DirectConstructorHandleAccessor.java:62)
	... 45 more
2026-06-29 16:12:36 INFO  [restartedMain] EmployeeManagementApiApplication - Starting EmployeeManagementApiApplication using Java 21.0.11 with PID 18384 (C:\Users\Techtezllp\eclipse-workspace1\EmployeeManagementAPI\target\classes started by Techtezllp in C:\Users\Techtezllp\eclipse-workspace1\EmployeeManagementAPI)
2026-06-29 16:12:36 INFO  [restartedMain] EmployeeManagementApiApplication - No active profile set, falling back to 1 default profile: "default"
2026-06-29 16:12:37 INFO  [restartedMain] RepositoryConfigurationDelegate - Bootstrapping Spring Data JPA repositories in DEFAULT mode.
2026-06-29 16:12:37 INFO  [restartedMain] RepositoryConfigurationDelegate - Finished Spring Data repository scanning in 11 ms. Found 1 JPA repository interface.
2026-06-29 16:12:37 INFO  [restartedMain] TomcatWebServer - Tomcat initialized with port 4040 (http)
2026-06-29 16:12:37 INFO  [restartedMain] Http11NioProtocol - Initializing ProtocolHandler ["http-nio-4040"]
2026-06-29 16:12:37 INFO  [restartedMain] StandardService - Starting service [Tomcat]
2026-06-29 16:12:37 INFO  [restartedMain] StandardEngine - Starting Servlet engine: [Apache Tomcat/11.0.22]
2026-06-29 16:12:37 INFO  [restartedMain] WebApplicationContextInitializer - Root WebApplicationContext: initialization completed in 314 ms
2026-06-29 16:12:37 INFO  [restartedMain] jpa - HHH008540: Processing PersistenceUnitInfo [name: default]
2026-06-29 16:12:37 INFO  [restartedMain] SpringPersistenceUnitInfo - No LoadTimeWeaver setup: ignoring JPA class transformer
2026-06-29 16:12:37 WARN  [restartedMain] HikariConfig - HikariPool-4 - keepaliveTime is less than 30000ms, disabling it.
2026-06-29 16:12:37 INFO  [restartedMain] HikariDataSource - HikariPool-4 - Starting...
2026-06-29 16:12:37 INFO  [restartedMain] HikariPool - HikariPool-4 - Added connection com.mysql.cj.jdbc.ConnectionImpl@5f1e5118
2026-06-29 16:12:37 INFO  [restartedMain] HikariDataSource - HikariPool-4 - Start completed.
2026-06-29 16:12:37 INFO  [restartedMain] pooling - HHH10001005: Database info:
	Database JDBC URL [jdbc:mysql:///techtezworkspace1]
	Database driver: MySQL Connector/J
	Database dialect: MySQLDialect
	Database version: 8.0.46
	Default catalog/schema: techtezworkspace1/undefined
	Autocommit mode: undefined/unknown
	Isolation level: REPEATABLE_READ [default REPEATABLE_READ]
	JDBC fetch size: none
	Pool: DataSourceConnectionProvider
	Minimum pool size: undefined/unknown
	Maximum pool size: undefined/unknown
2026-06-29 16:12:37 INFO  [restartedMain] core - HHH000489: No JTA platform available (set 'hibernate.transaction.jta.platform' to enable JTA platform integration)
2026-06-29 16:12:37 INFO  [restartedMain] LocalContainerEntityManagerFactoryBean - Initialized JPA EntityManagerFactory for persistence unit 'default'
2026-06-29 16:12:37 WARN  [restartedMain] JpaBaseConfiguration$JpaWebConfiguration - spring.jpa.open-in-view is enabled by default. Therefore, database queries may be performed during view rendering. Explicitly configure spring.jpa.open-in-view to disable this warning
2026-06-29 16:12:37 INFO  [restartedMain] Http11NioProtocol - Starting ProtocolHandler ["http-nio-4040"]
2026-06-29 16:12:37 INFO  [restartedMain] TomcatWebServer - Tomcat started on port 4040 (http) with context path '/EmployeeManagementAPI'
2026-06-29 16:12:37 INFO  [restartedMain] EmployeeManagementApiApplication - Started EmployeeManagementApiApplication in 0.885 seconds (process running for 100863.089)
2026-06-29 16:12:37 INFO  [restartedMain] ConditionEvaluationDeltaLoggingListener - Condition evaluation unchanged
2026-06-29 16:20:47 INFO  [File Watcher] LocalDevToolsAutoConfiguration$RestartingClassPathChangeChangedEventListener - Restarting due to 1 class path change (0 additions, 0 deletions, 1 modification)
2026-06-29 16:20:47 INFO  [Thread-5] GracefulShutdown - Commencing graceful shutdown. Waiting for active requests to complete
2026-06-29 16:20:47 INFO  [tomcat-shutdown] Http11NioProtocol - Pausing ProtocolHandler ["http-nio-4040"]
2026-06-29 16:20:47 INFO  [tomcat-shutdown] GracefulShutdown - Graceful shutdown complete
2026-06-29 16:20:47 INFO  [Thread-5] Http11NioProtocol - Stopping ProtocolHandler ["http-nio-4040"]
2026-06-29 16:20:47 INFO  [Thread-5] LocalContainerEntityManagerFactoryBean - Closing JPA EntityManagerFactory for persistence unit 'default'
2026-06-29 16:20:47 INFO  [Thread-5] HikariDataSource - HikariPool-4 - Shutdown initiated...
2026-06-29 16:20:47 INFO  [Thread-5] HikariDataSource - HikariPool-4 - Shutdown completed.
2026-06-29 16:20:48 INFO  [restartedMain] EmployeeManagementApiApplication - Starting EmployeeManagementApiApplication using Java 21.0.11 with PID 18384 (C:\Users\Techtezllp\eclipse-workspace1\EmployeeManagementAPI\target\classes started by Techtezllp in C:\Users\Techtezllp\eclipse-workspace1\EmployeeManagementAPI)
2026-06-29 16:20:48 INFO  [restartedMain] EmployeeManagementApiApplication - No active profile set, falling back to 1 default profile: "default"
2026-06-29 16:20:48 INFO  [restartedMain] RepositoryConfigurationDelegate - Bootstrapping Spring Data JPA repositories in DEFAULT mode.
2026-06-29 16:20:48 INFO  [restartedMain] RepositoryConfigurationDelegate - Finished Spring Data repository scanning in 11 ms. Found 1 JPA repository interface.
2026-06-29 16:20:48 INFO  [restartedMain] TomcatWebServer - Tomcat initialized with port 4040 (http)
2026-06-29 16:20:48 INFO  [restartedMain] Http11NioProtocol - Initializing ProtocolHandler ["http-nio-4040"]
2026-06-29 16:20:48 INFO  [restartedMain] StandardService - Starting service [Tomcat]
2026-06-29 16:20:48 INFO  [restartedMain] StandardEngine - Starting Servlet engine: [Apache Tomcat/11.0.22]
2026-06-29 16:20:48 INFO  [restartedMain] WebApplicationContextInitializer - Root WebApplicationContext: initialization completed in 347 ms
2026-06-29 16:20:48 INFO  [restartedMain] jpa - HHH008540: Processing PersistenceUnitInfo [name: default]
2026-06-29 16:20:48 INFO  [restartedMain] SpringPersistenceUnitInfo - No LoadTimeWeaver setup: ignoring JPA class transformer
2026-06-29 16:20:48 WARN  [restartedMain] HikariConfig - HikariPool-5 - keepaliveTime is less than 30000ms, disabling it.
2026-06-29 16:20:48 INFO  [restartedMain] HikariDataSource - HikariPool-5 - Starting...
2026-06-29 16:20:48 INFO  [restartedMain] HikariPool - HikariPool-5 - Added connection com.mysql.cj.jdbc.ConnectionImpl@39d370cf
2026-06-29 16:20:48 INFO  [restartedMain] HikariDataSource - HikariPool-5 - Start completed.
2026-06-29 16:20:48 INFO  [restartedMain] pooling - HHH10001005: Database info:
	Database JDBC URL [jdbc:mysql:///techtezworkspace1]
	Database driver: MySQL Connector/J
	Database dialect: MySQLDialect
	Database version: 8.0.46
	Default catalog/schema: techtezworkspace1/undefined
	Autocommit mode: undefined/unknown
	Isolation level: REPEATABLE_READ [default REPEATABLE_READ]
	JDBC fetch size: none
	Pool: DataSourceConnectionProvider
	Minimum pool size: undefined/unknown
	Maximum pool size: undefined/unknown
2026-06-29 16:20:48 INFO  [restartedMain] core - HHH000489: No JTA platform available (set 'hibernate.transaction.jta.platform' to enable JTA platform integration)
2026-06-29 16:20:48 INFO  [restartedMain] LocalContainerEntityManagerFactoryBean - Initialized JPA EntityManagerFactory for persistence unit 'default'
2026-06-29 16:20:48 WARN  [restartedMain] JpaBaseConfiguration$JpaWebConfiguration - spring.jpa.open-in-view is enabled by default. Therefore, database queries may be performed during view rendering. Explicitly configure spring.jpa.open-in-view to disable this warning
2026-06-29 16:20:49 INFO  [restartedMain] Http11NioProtocol - Starting ProtocolHandler ["http-nio-4040"]
2026-06-29 16:20:49 INFO  [restartedMain] TomcatWebServer - Tomcat started on port 4040 (http) with context path '/EmployeeManagementAPI'
2026-06-29 16:20:49 INFO  [restartedMain] EmployeeManagementApiApplication - Started EmployeeManagementApiApplication in 1.034 seconds (process running for 101354.486)
2026-06-29 16:20:49 INFO  [restartedMain] ConditionEvaluationDeltaLoggingListener - Condition evaluation unchanged
2026-06-29 16:21:10 INFO  [restartedMain] EmployeeManagementApiApplication - Starting EmployeeManagementApiApplication using Java 21.0.11 with PID 3364 (C:\Users\Techtezllp\eclipse-workspace1\EmployeeManagementAPI\target\classes started by Techtezllp in C:\Users\Techtezllp\eclipse-workspace1\EmployeeManagementAPI)
2026-06-29 16:21:10 INFO  [restartedMain] EmployeeManagementApiApplication - No active profile set, falling back to 1 default profile: "default"
2026-06-29 16:21:11 INFO  [restartedMain] DevToolsPropertyDefaultsPostProcessor - Devtools property defaults active! Set 'spring.devtools.add-properties' to 'false' to disable
2026-06-29 16:21:11 INFO  [restartedMain] DevToolsPropertyDefaultsPostProcessor - For additional web related logging consider setting the 'logging.level.web' property to 'DEBUG'
2026-06-29 16:21:11 INFO  [background-preinit] Version - HV000001: Hibernate Validator 9.1.0.Final
2026-06-29 16:21:12 INFO  [restartedMain] RepositoryConfigurationDelegate - Bootstrapping Spring Data JPA repositories in DEFAULT mode.
2026-06-29 16:21:12 INFO  [restartedMain] RepositoryConfigurationDelegate - Finished Spring Data repository scanning in 75 ms. Found 1 JPA repository interface.
2026-06-29 16:21:15 INFO  [restartedMain] TomcatWebServer - Tomcat initialized with port 4040 (http)
2026-06-29 16:21:15 INFO  [restartedMain] Http11NioProtocol - Initializing ProtocolHandler ["http-nio-4040"]
2026-06-29 16:21:15 INFO  [restartedMain] StandardService - Starting service [Tomcat]
2026-06-29 16:21:15 INFO  [restartedMain] StandardEngine - Starting Servlet engine: [Apache Tomcat/11.0.22]
2026-06-29 16:21:15 INFO  [restartedMain] WebApplicationContextInitializer - Root WebApplicationContext: initialization completed in 4528 ms
2026-06-29 16:21:15 INFO  [restartedMain] jpa - HHH008540: Processing PersistenceUnitInfo [name: default]
2026-06-29 16:21:15 INFO  [restartedMain] core - HHH000001: Hibernate ORM core version 7.4.1.Final
2026-06-29 16:21:16 INFO  [restartedMain] SpringPersistenceUnitInfo - No LoadTimeWeaver setup: ignoring JPA class transformer
2026-06-29 16:21:16 WARN  [restartedMain] HikariConfig - HikariPool-1 - keepaliveTime is less than 30000ms, disabling it.
2026-06-29 16:21:16 INFO  [restartedMain] HikariDataSource - HikariPool-1 - Starting...
2026-06-29 16:21:17 INFO  [restartedMain] HikariPool - HikariPool-1 - Added connection com.mysql.cj.jdbc.ConnectionImpl@20d5a8a1
2026-06-29 16:21:17 INFO  [restartedMain] HikariDataSource - HikariPool-1 - Start completed.
2026-06-29 16:21:17 INFO  [restartedMain] pooling - HHH10001005: Database info:
	Database JDBC URL [jdbc:mysql:///techtezworkspace1]
	Database driver: MySQL Connector/J
	Database dialect: MySQLDialect
	Database version: 8.0.46
	Default catalog/schema: techtezworkspace1/undefined
	Autocommit mode: undefined/unknown
	Isolation level: REPEATABLE_READ [default REPEATABLE_READ]
	JDBC fetch size: none
	Pool: DataSourceConnectionProvider
	Minimum pool size: undefined/unknown
	Maximum pool size: undefined/unknown
2026-06-29 16:21:18 INFO  [restartedMain] core - HHH000489: No JTA platform available (set 'hibernate.transaction.jta.platform' to enable JTA platform integration)
2026-06-29 16:21:18 INFO  [restartedMain] LocalContainerEntityManagerFactoryBean - Initialized JPA EntityManagerFactory for persistence unit 'default'
2026-06-29 16:21:18 INFO  [restartedMain] QueryEnhancerFactories - Hibernate is in classpath; If applicable, HQL parser will be used.
2026-06-29 16:21:18 WARN  [restartedMain] JpaBaseConfiguration$JpaWebConfiguration - spring.jpa.open-in-view is enabled by default. Therefore, database queries may be performed during view rendering. Explicitly configure spring.jpa.open-in-view to disable this warning
2026-06-29 16:21:19 INFO  [restartedMain] Http11NioProtocol - Starting ProtocolHandler ["http-nio-4040"]
2026-06-29 16:21:19 INFO  [restartedMain] TomcatWebServer - Tomcat started on port 4040 (http) with context path '/EmployeeManagementAPI'
2026-06-29 16:21:19 INFO  [restartedMain] EmployeeManagementApiApplication - Started EmployeeManagementApiApplication in 8.713 seconds (process running for 9.707)
2026-06-29 16:23:39 INFO  [http-nio-4040-exec-2] [/EmployeeManagementAPI] - Initializing Spring DispatcherServlet 'dispatcherServlet'
2026-06-29 16:23:40 INFO  [http-nio-4040-exec-2] DispatcherServlet - Initializing Servlet 'dispatcherServlet'
2026-06-29 16:23:40 INFO  [http-nio-4040-exec-2] DispatcherServlet - Completed initialization in 4 ms
2026-06-29 16:23:40 INFO  [http-nio-4040-exec-2] EmployeeOperationsController - Received Request to save Employee
2026-06-29 16:23:40 ERROR [http-nio-4040-exec-2] EmployeeErrorHandler - IllegalArgumentException occurred at /EmployeeManagementAPI/employees/save : Could not commit JPA transaction
org.springframework.transaction.TransactionSystemException: Could not commit JPA transaction
	at org.springframework.orm.jpa.JpaTransactionManager.doCommit(JpaTransactionManager.java:561)
	at org.springframework.transaction.support.AbstractPlatformTransactionManager.processCommit(AbstractPlatformTransactionManager.java:794)
	at org.springframework.transaction.support.AbstractPlatformTransactionManager.commit(AbstractPlatformTransactionManager.java:757)
	at org.springframework.transaction.interceptor.TransactionAspectSupport.commitTransactionAfterReturning(TransactionAspectSupport.java:687)
	at org.springframework.transaction.interceptor.TransactionAspectSupport.invokeWithinTransaction(TransactionAspectSupport.java:408)
	at org.springframework.transaction.interceptor.TransactionInterceptor.invoke(TransactionInterceptor.java:130)
	at org.springframework.aop.framework.ReflectiveMethodInvocation.proceed(ReflectiveMethodInvocation.java:179)
	at org.springframework.dao.support.PersistenceExceptionTranslationInterceptor.invoke(PersistenceExceptionTranslationInterceptor.java:135)
	at org.springframework.aop.framework.ReflectiveMethodInvocation.proceed(ReflectiveMethodInvocation.java:179)
	at org.springframework.data.jpa.repository.support.CrudMethodMetadataPostProcessor$CrudMethodMetadataPopulatingMethodInterceptor.invoke(CrudMethodMetadataPostProcessor.java:166)
	at org.springframework.aop.framework.ReflectiveMethodInvocation.proceed(ReflectiveMethodInvocation.java:179)
	at org.springframework.aop.framework.JdkDynamicAopProxy.invoke(JdkDynamicAopProxy.java:222)
	at jdk.proxy4/jdk.proxy4.$Proxy153.save(Unknown Source)
	at com.techtez.service.EmployeeServiceImpl.registerEmployee(EmployeeServiceImpl.java:26)
	at com.techtez.rest.EmployeeOperationsController.saveEmployee(EmployeeOperationsController.java:38)
	at java.base/jdk.internal.reflect.DirectMethodHandleAccessor.invoke(DirectMethodHandleAccessor.java:103)
	at java.base/java.lang.reflect.Method.invoke(Method.java:580)
	at org.springframework.web.method.support.InvocableHandlerMethod.doInvoke(InvocableHandlerMethod.java:252)
	at org.springframework.web.method.support.InvocableHandlerMethod.invokeForRequest(InvocableHandlerMethod.java:184)
	at org.springframework.web.servlet.mvc.method.annotation.ServletInvocableHandlerMethod.invokeAndHandle(ServletInvocableHandlerMethod.java:117)
	at org.springframework.web.servlet.mvc.method.annotation.RequestMappingHandlerAdapter.invokeHandlerMethod(RequestMappingHandlerAdapter.java:934)
	at org.springframework.web.servlet.mvc.method.annotation.RequestMappingHandlerAdapter.handleInternal(RequestMappingHandlerAdapter.java:853)
	at org.springframework.web.servlet.mvc.method.AbstractHandlerMethodAdapter.handle(AbstractHandlerMethodAdapter.java:86)
	at org.springframework.web.servlet.DispatcherServlet.doDispatch(DispatcherServlet.java:963)
	at org.springframework.web.servlet.DispatcherServlet.doService(DispatcherServlet.java:866)
	at org.springframework.web.servlet.FrameworkServlet.processRequest(FrameworkServlet.java:1000)
	at org.springframework.web.servlet.FrameworkServlet.doPost(FrameworkServlet.java:903)
	at jakarta.servlet.http.HttpServlet.service(HttpServlet.java:649)
	at org.springframework.web.servlet.FrameworkServlet.service(FrameworkServlet.java:874)
	at jakarta.servlet.http.HttpServlet.service(HttpServlet.java:710)
	at org.apache.catalina.core.ApplicationFilterChain.doFilter(ApplicationFilterChain.java:128)
	at org.apache.tomcat.websocket.server.WsFilter.doFilter(WsFilter.java:53)
	at org.apache.catalina.core.ApplicationFilterChain.doFilter(ApplicationFilterChain.java:107)
	at org.springframework.web.filter.RequestContextFilter.doFilterInternal(RequestContextFilter.java:100)
	at org.springframework.web.filter.OncePerRequestFilter.doFilter(OncePerRequestFilter.java:116)
	at org.apache.catalina.core.ApplicationFilterChain.doFilter(ApplicationFilterChain.java:107)
	at org.springframework.web.filter.FormContentFilter.doFilterInternal(FormContentFilter.java:93)
	at org.springframework.web.filter.OncePerRequestFilter.doFilter(OncePerRequestFilter.java:116)
	at org.apache.catalina.core.ApplicationFilterChain.doFilter(ApplicationFilterChain.java:107)
	at org.springframework.web.filter.CharacterEncodingFilter.doFilterInternal(CharacterEncodingFilter.java:199)
	at org.springframework.web.filter.OncePerRequestFilter.doFilter(OncePerRequestFilter.java:116)
	at org.apache.catalina.core.ApplicationFilterChain.doFilter(ApplicationFilterChain.java:107)
	at org.apache.catalina.core.StandardWrapperValve.invoke(StandardWrapperValve.java:165)
	at org.apache.catalina.core.StandardContextValve.invoke(StandardContextValve.java:77)
	at org.apache.catalina.authenticator.AuthenticatorBase.invoke(AuthenticatorBase.java:492)
	at org.apache.catalina.core.StandardHostValve.invoke(StandardHostValve.java:113)
	at org.apache.catalina.valves.ErrorReportValve.invoke(ErrorReportValve.java:83)
	at org.apache.catalina.core.StandardEngineValve.invoke(StandardEngineValve.java:72)
	at org.apache.catalina.connector.CoyoteAdapter.service(CoyoteAdapter.java:341)
	at org.apache.coyote.http11.Http11Processor.service(Http11Processor.java:397)
	at org.apache.coyote.AbstractProcessorLight.process(AbstractProcessorLight.java:63)
	at org.apache.coyote.AbstractProtocol$ConnectionHandler.process(AbstractProtocol.java:1272)
	at org.apache.tomcat.util.net.NioEndpoint$SocketProcessor.doRun(NioEndpoint.java:1801)
	at org.apache.tomcat.util.net.SocketProcessorBase.run(SocketProcessorBase.java:52)
	at org.apache.tomcat.util.threads.ThreadPoolExecutor.runWorker(ThreadPoolExecutor.java:946)
	at org.apache.tomcat.util.threads.ThreadPoolExecutor$Worker.run(ThreadPoolExecutor.java:480)
	at org.apache.tomcat.util.threads.TaskThread$WrappingRunnable.run(TaskThread.java:57)
	at java.base/java.lang.Thread.run(Thread.java:1583)
Caused by: jakarta.persistence.RollbackException: Error while committing the transaction [HV000030: No validator could be found for constraint 'jakarta.validation.constraints.Pattern' validating type 'java.lang.Long'. Check configuration for 'mobile_no']
	at org.hibernate.internal.ExceptionConverterImpl.convertCommitException(ExceptionConverterImpl.java:73)
	at org.hibernate.engine.transaction.internal.TransactionImpl.commit(TransactionImpl.java:92)
	at org.springframework.orm.jpa.JpaTransactionManager.doCommit(JpaTransactionManager.java:552)
	... 57 more
Caused by: jakarta.validation.UnexpectedTypeException: HV000030: No validator could be found for constraint 'jakarta.validation.constraints.Pattern' validating type 'java.lang.Long'. Check configuration for 'mobile_no'
	at org.hibernate.validator.internal.engine.constraintvalidation.ConstraintTree.getExceptionForNullValidator(ConstraintTree.java:99)
	at org.hibernate.validator.internal.engine.constraintvalidation.ConstraintTree.getInitializedConstraintValidator(ConstraintTree.java:145)
	at org.hibernate.validator.internal.engine.constraintvalidation.SimpleConstraintTree.doValidateConstraints(SimpleConstraintTree.java:83)
	at org.hibernate.validator.internal.engine.constraintvalidation.SimpleConstraintTree.validateConstraints(SimpleConstraintTree.java:40)
	at org.hibernate.validator.internal.metadata.core.MetaConstraint.doValidateConstraint(MetaConstraint.java:132)
	at org.hibernate.validator.internal.metadata.core.MetaConstraint.validateConstraint(MetaConstraint.java:124)
	at org.hibernate.validator.internal.engine.ValidatorImpl.validateMetaConstraint(ValidatorImpl.java:602)
	at org.hibernate.validator.internal.engine.ValidatorImpl.validateConstraintsForSingleDefaultGroupElement(ValidatorImpl.java:546)
	at org.hibernate.validator.internal.engine.ValidatorImpl.validateConstraintsForDefaultGroup(ValidatorImpl.java:512)
	at org.hibernate.validator.internal.engine.ValidatorImpl.validateConstraintsForCurrentGroup(ValidatorImpl.java:448)
	at org.hibernate.validator.internal.engine.ValidatorImpl.validateInContext(ValidatorImpl.java:398)
	at org.hibernate.validator.internal.engine.ValidatorImpl.validate(ValidatorImpl.java:170)
	at org.hibernate.boot.beanvalidation.BeanValidationEventListener.validate(BeanValidationEventListener.java:126)
	at org.hibernate.boot.beanvalidation.BeanValidationEventListener.onPreInsert(BeanValidationEventListener.java:76)
	at org.hibernate.action.internal.EntityInsertAction.preInsert(EntityInsertAction.java:244)
	at org.hibernate.action.internal.EntityInsertAction.execute(EntityInsertAction.java:99)
	at org.hibernate.engine.spi.ActionQueue.executeActions(ActionQueue.java:634)
	at org.hibernate.engine.spi.ActionQueue.executeActions(ActionQueue.java:505)
	at org.hibernate.event.internal.AbstractFlushingEventListener.performExecutions(AbstractFlushingEventListener.java:381)
	at org.hibernate.event.internal.DefaultFlushEventListener.onFlush(DefaultFlushEventListener.java:40)
	at org.hibernate.event.service.internal.EventListenerGroupImpl.fireEventOnEachListener(EventListenerGroupImpl.java:138)
	at org.hibernate.internal.SessionImpl.fireFlush(SessionImpl.java:1458)
	at org.hibernate.internal.SessionImpl.managedFlush(SessionImpl.java:484)
	at org.hibernate.internal.SessionImpl.flushBeforeTransactionCompletion(SessionImpl.java:2086)
	at org.hibernate.internal.SessionImpl.beforeTransactionCompletion(SessionImpl.java:2007)
	at org.hibernate.engine.jdbc.internal.JdbcCoordinatorImpl.beforeTransactionCompletion(JdbcCoordinatorImpl.java:426)
	at org.hibernate.resource.transaction.backend.jdbc.internal.JdbcResourceLocalTransactionCoordinatorImpl.beforeCompletionCallback(JdbcResourceLocalTransactionCoordinatorImpl.java:167)
	at org.hibernate.resource.transaction.backend.jdbc.internal.JdbcResourceLocalTransactionCoordinatorImpl$TransactionDriverControlImpl.commitNoRollbackOnly(JdbcResourceLocalTransactionCoordinatorImpl.java:252)
	at org.hibernate.resource.transaction.backend.jdbc.internal.JdbcResourceLocalTransactionCoordinatorImpl$TransactionDriverControlImpl.commit(JdbcResourceLocalTransactionCoordinatorImpl.java:242)
	at org.hibernate.engine.transaction.internal.TransactionImpl.commit(TransactionImpl.java:89)
	... 58 more
2026-06-29 16:23:40 WARN  [http-nio-4040-exec-2] ExceptionHandlerExceptionResolver - Resolved [org.springframework.transaction.TransactionSystemException: Could not commit JPA transaction]
2026-06-29 16:30:09 INFO  [restartedMain] EmployeeManagementApiApplication - Starting EmployeeManagementApiApplication using Java 21.0.11 with PID 6836 (C:\Users\Techtezllp\eclipse-workspace1\EmployeeManagementAPI\target\classes started by Techtezllp in C:\Users\Techtezllp\eclipse-workspace1\EmployeeManagementAPI)
2026-06-29 16:30:09 INFO  [restartedMain] EmployeeManagementApiApplication - No active profile set, falling back to 1 default profile: "default"
2026-06-29 16:30:09 INFO  [restartedMain] DevToolsPropertyDefaultsPostProcessor - Devtools property defaults active! Set 'spring.devtools.add-properties' to 'false' to disable
2026-06-29 16:30:09 INFO  [restartedMain] DevToolsPropertyDefaultsPostProcessor - For additional web related logging consider setting the 'logging.level.web' property to 'DEBUG'
2026-06-29 16:30:09 INFO  [background-preinit] Version - HV000001: Hibernate Validator 9.1.0.Final
2026-06-29 16:30:10 INFO  [restartedMain] RepositoryConfigurationDelegate - Bootstrapping Spring Data JPA repositories in DEFAULT mode.
2026-06-29 16:30:10 INFO  [restartedMain] RepositoryConfigurationDelegate - Finished Spring Data repository scanning in 81 ms. Found 1 JPA repository interface.
2026-06-29 16:30:11 INFO  [restartedMain] TomcatWebServer - Tomcat initialized with port 4040 (http)
2026-06-29 16:30:11 INFO  [restartedMain] Http11NioProtocol - Initializing ProtocolHandler ["http-nio-4040"]
2026-06-29 16:30:11 INFO  [restartedMain] StandardService - Starting service [Tomcat]
2026-06-29 16:30:11 INFO  [restartedMain] StandardEngine - Starting Servlet engine: [Apache Tomcat/11.0.22]
2026-06-29 16:30:11 INFO  [restartedMain] WebApplicationContextInitializer - Root WebApplicationContext: initialization completed in 2251 ms
2026-06-29 16:30:11 INFO  [restartedMain] jpa - HHH008540: Processing PersistenceUnitInfo [name: default]
2026-06-29 16:30:11 INFO  [restartedMain] core - HHH000001: Hibernate ORM core version 7.4.1.Final
2026-06-29 16:30:12 INFO  [restartedMain] SpringPersistenceUnitInfo - No LoadTimeWeaver setup: ignoring JPA class transformer
2026-06-29 16:30:12 WARN  [restartedMain] HikariConfig - HikariPool-1 - keepaliveTime is less than 30000ms, disabling it.
2026-06-29 16:30:12 INFO  [restartedMain] HikariDataSource - HikariPool-1 - Starting...
2026-06-29 16:30:12 INFO  [restartedMain] HikariPool - HikariPool-1 - Added connection com.mysql.cj.jdbc.ConnectionImpl@64bd788f
2026-06-29 16:30:12 INFO  [restartedMain] HikariDataSource - HikariPool-1 - Start completed.
2026-06-29 16:30:13 INFO  [restartedMain] pooling - HHH10001005: Database info:
	Database JDBC URL [jdbc:mysql:///techtezworkspace1]
	Database driver: MySQL Connector/J
	Database dialect: MySQLDialect
	Database version: 8.0.46
	Default catalog/schema: techtezworkspace1/undefined
	Autocommit mode: undefined/unknown
	Isolation level: REPEATABLE_READ [default REPEATABLE_READ]
	JDBC fetch size: none
	Pool: DataSourceConnectionProvider
	Minimum pool size: undefined/unknown
	Maximum pool size: undefined/unknown
2026-06-29 16:30:14 INFO  [restartedMain] core - HHH000489: No JTA platform available (set 'hibernate.transaction.jta.platform' to enable JTA platform integration)
2026-06-29 16:30:14 INFO  [restartedMain] LocalContainerEntityManagerFactoryBean - Initialized JPA EntityManagerFactory for persistence unit 'default'
2026-06-29 16:30:14 INFO  [restartedMain] QueryEnhancerFactories - Hibernate is in classpath; If applicable, HQL parser will be used.
2026-06-29 16:30:14 WARN  [restartedMain] JpaBaseConfiguration$JpaWebConfiguration - spring.jpa.open-in-view is enabled by default. Therefore, database queries may be performed during view rendering. Explicitly configure spring.jpa.open-in-view to disable this warning
2026-06-29 16:30:15 INFO  [restartedMain] Http11NioProtocol - Starting ProtocolHandler ["http-nio-4040"]
2026-06-29 16:30:15 INFO  [restartedMain] TomcatWebServer - Tomcat started on port 4040 (http) with context path '/EmployeeManagementAPI'
2026-06-29 16:30:15 INFO  [restartedMain] EmployeeManagementApiApplication - Started EmployeeManagementApiApplication in 6.922 seconds (process running for 8.454)
2026-06-29 16:30:22 INFO  [http-nio-4040-exec-2] [/EmployeeManagementAPI] - Initializing Spring DispatcherServlet 'dispatcherServlet'
2026-06-29 16:30:22 INFO  [http-nio-4040-exec-2] DispatcherServlet - Initializing Servlet 'dispatcherServlet'
2026-06-29 16:30:22 INFO  [http-nio-4040-exec-2] DispatcherServlet - Completed initialization in 2 ms
2026-06-29 16:30:23 ERROR [http-nio-4040-exec-2] EmployeeErrorHandler - IllegalArgumentException occurred at /EmployeeManagementAPI/employees/save : HV000030: No validator could be found for constraint 'jakarta.validation.constraints.NotBlank' validating type 'java.lang.Long'. Check configuration for 'employeeCode'
jakarta.validation.UnexpectedTypeException: HV000030: No validator could be found for constraint 'jakarta.validation.constraints.NotBlank' validating type 'java.lang.Long'. Check configuration for 'employeeCode'
	at org.hibernate.validator.internal.engine.constraintvalidation.ConstraintTree.getExceptionForNullValidator(ConstraintTree.java:99)
	at org.hibernate.validator.internal.engine.constraintvalidation.ConstraintTree.getInitializedConstraintValidator(ConstraintTree.java:145)
	at org.hibernate.validator.internal.engine.constraintvalidation.SimpleConstraintTree.doValidateConstraints(SimpleConstraintTree.java:83)
	at org.hibernate.validator.internal.engine.constraintvalidation.SimpleConstraintTree.validateConstraints(SimpleConstraintTree.java:40)
	at org.hibernate.validator.internal.metadata.core.MetaConstraint.doValidateConstraint(MetaConstraint.java:132)
	at org.hibernate.validator.internal.metadata.core.MetaConstraint.validateConstraint(MetaConstraint.java:124)
	at org.hibernate.validator.internal.engine.ValidatorImpl.validateMetaConstraint(ValidatorImpl.java:602)
	at org.hibernate.validator.internal.engine.ValidatorImpl.validateConstraintsForSingleDefaultGroupElement(ValidatorImpl.java:546)
	at org.hibernate.validator.internal.engine.ValidatorImpl.validateConstraintsForDefaultGroup(ValidatorImpl.java:512)
	at org.hibernate.validator.internal.engine.ValidatorImpl.validateConstraintsForCurrentGroup(ValidatorImpl.java:448)
	at org.hibernate.validator.internal.engine.ValidatorImpl.validateInContext(ValidatorImpl.java:398)
	at org.hibernate.validator.internal.engine.ValidatorImpl.validate(ValidatorImpl.java:170)
	at org.springframework.validation.beanvalidation.SpringValidatorAdapter.validate(SpringValidatorAdapter.java:103)
	at org.springframework.boot.validation.autoconfigure.ValidatorAdapter.validate(ValidatorAdapter.java:69)
	at org.springframework.validation.DataBinder.validate(DataBinder.java:1400)
	at org.springframework.web.servlet.mvc.method.annotation.AbstractMessageConverterMethodArgumentResolver.validateIfApplicable(AbstractMessageConverterMethodArgumentResolver.java:290)
	at org.springframework.web.servlet.mvc.method.annotation.RequestResponseBodyMethodProcessor.resolveArgument(RequestResponseBodyMethodProcessor.java:163)
	at org.springframework.web.method.support.HandlerMethodArgumentResolverComposite.resolveArgument(HandlerMethodArgumentResolverComposite.java:122)
	at org.springframework.web.method.support.InvocableHandlerMethod.getMethodArgumentValues(InvocableHandlerMethod.java:224)
	at org.springframework.web.method.support.InvocableHandlerMethod.invokeForRequest(InvocableHandlerMethod.java:174)
	at org.springframework.web.servlet.mvc.method.annotation.ServletInvocableHandlerMethod.invokeAndHandle(ServletInvocableHandlerMethod.java:117)
	at org.springframework.web.servlet.mvc.method.annotation.RequestMappingHandlerAdapter.invokeHandlerMethod(RequestMappingHandlerAdapter.java:934)
	at org.springframework.web.servlet.mvc.method.annotation.RequestMappingHandlerAdapter.handleInternal(RequestMappingHandlerAdapter.java:853)
	at org.springframework.web.servlet.mvc.method.AbstractHandlerMethodAdapter.handle(AbstractHandlerMethodAdapter.java:86)
	at org.springframework.web.servlet.DispatcherServlet.doDispatch(DispatcherServlet.java:963)
	at org.springframework.web.servlet.DispatcherServlet.doService(DispatcherServlet.java:866)
	at org.springframework.web.servlet.FrameworkServlet.processRequest(FrameworkServlet.java:1000)
	at org.springframework.web.servlet.FrameworkServlet.doPost(FrameworkServlet.java:903)
	at jakarta.servlet.http.HttpServlet.service(HttpServlet.java:649)
	at org.springframework.web.servlet.FrameworkServlet.service(FrameworkServlet.java:874)
	at jakarta.servlet.http.HttpServlet.service(HttpServlet.java:710)
	at org.apache.catalina.core.ApplicationFilterChain.doFilter(ApplicationFilterChain.java:128)
	at org.apache.tomcat.websocket.server.WsFilter.doFilter(WsFilter.java:53)
	at org.apache.catalina.core.ApplicationFilterChain.doFilter(ApplicationFilterChain.java:107)
	at org.springframework.web.filter.RequestContextFilter.doFilterInternal(RequestContextFilter.java:100)
	at org.springframework.web.filter.OncePerRequestFilter.doFilter(OncePerRequestFilter.java:116)
	at org.apache.catalina.core.ApplicationFilterChain.doFilter(ApplicationFilterChain.java:107)
	at org.springframework.web.filter.FormContentFilter.doFilterInternal(FormContentFilter.java:93)
	at org.springframework.web.filter.OncePerRequestFilter.doFilter(OncePerRequestFilter.java:116)
	at org.apache.catalina.core.ApplicationFilterChain.doFilter(ApplicationFilterChain.java:107)
	at org.springframework.web.filter.CharacterEncodingFilter.doFilterInternal(CharacterEncodingFilter.java:199)
	at org.springframework.web.filter.OncePerRequestFilter.doFilter(OncePerRequestFilter.java:116)
	at org.apache.catalina.core.ApplicationFilterChain.doFilter(ApplicationFilterChain.java:107)
	at org.apache.catalina.core.StandardWrapperValve.invoke(StandardWrapperValve.java:165)
	at org.apache.catalina.core.StandardContextValve.invoke(StandardContextValve.java:77)
	at org.apache.catalina.authenticator.AuthenticatorBase.invoke(AuthenticatorBase.java:492)
	at org.apache.catalina.core.StandardHostValve.invoke(StandardHostValve.java:113)
	at org.apache.catalina.valves.ErrorReportValve.invoke(ErrorReportValve.java:83)
	at org.apache.catalina.core.StandardEngineValve.invoke(StandardEngineValve.java:72)
	at org.apache.catalina.connector.CoyoteAdapter.service(CoyoteAdapter.java:341)
	at org.apache.coyote.http11.Http11Processor.service(Http11Processor.java:397)
	at org.apache.coyote.AbstractProcessorLight.process(AbstractProcessorLight.java:63)
	at org.apache.coyote.AbstractProtocol$ConnectionHandler.process(AbstractProtocol.java:1272)
	at org.apache.tomcat.util.net.NioEndpoint$SocketProcessor.doRun(NioEndpoint.java:1801)
	at org.apache.tomcat.util.net.SocketProcessorBase.run(SocketProcessorBase.java:52)
	at org.apache.tomcat.util.threads.ThreadPoolExecutor.runWorker(ThreadPoolExecutor.java:946)
	at org.apache.tomcat.util.threads.ThreadPoolExecutor$Worker.run(ThreadPoolExecutor.java:480)
	at org.apache.tomcat.util.threads.TaskThread$WrappingRunnable.run(TaskThread.java:57)
	at java.base/java.lang.Thread.run(Thread.java:1583)
2026-06-29 16:30:23 WARN  [http-nio-4040-exec-2] ExceptionHandlerExceptionResolver - Resolved [jakarta.validation.UnexpectedTypeException: HV000030: No validator could be found for constraint 'jakarta.validation.constraints.NotBlank' validating type 'java.lang.Long'. Check configuration for 'employeeCode']
2026-06-29 17:10:27 WARN  [HikariPool-1:housekeeper] HikariPool - HikariPool-1 - Thread starvation or clock leap detected (housekeeper delta=34m44s785ms736µs500ns).
2026-06-29 17:22:51 WARN  [HikariPool-1:housekeeper] HikariPool - HikariPool-1 - Thread starvation or clock leap detected (housekeeper delta=2m53s144ms136µs300ns).
2026-06-29 17:33:07 INFO  [File Watcher] LocalDevToolsAutoConfiguration$RestartingClassPathChangeChangedEventListener - Restarting due to 1 class path change (0 additions, 0 deletions, 1 modification)
2026-06-29 17:33:07 INFO  [Thread-1] GracefulShutdown - Commencing graceful shutdown. Waiting for active requests to complete
2026-06-29 17:33:07 INFO  [tomcat-shutdown] Http11NioProtocol - Pausing ProtocolHandler ["http-nio-4040"]
2026-06-29 17:33:08 INFO  [tomcat-shutdown] GracefulShutdown - Graceful shutdown complete
2026-06-29 17:33:08 INFO  [Thread-1] Http11NioProtocol - Stopping ProtocolHandler ["http-nio-4040"]
2026-06-29 17:33:08 INFO  [Thread-1] LocalContainerEntityManagerFactoryBean - Closing JPA EntityManagerFactory for persistence unit 'default'
2026-06-29 17:33:08 INFO  [Thread-1] HikariDataSource - HikariPool-1 - Shutdown initiated...
2026-06-29 17:33:08 INFO  [Thread-1] HikariDataSource - HikariPool-1 - Shutdown completed.
2026-06-29 17:33:08 INFO  [restartedMain] EmployeeManagementApiApplication - Starting EmployeeManagementApiApplication using Java 21.0.11 with PID 6836 (C:\Users\Techtezllp\eclipse-workspace1\EmployeeManagementAPI\target\classes started by Techtezllp in C:\Users\Techtezllp\eclipse-workspace1\EmployeeManagementAPI)
2026-06-29 17:33:08 INFO  [restartedMain] EmployeeManagementApiApplication - No active profile set, falling back to 1 default profile: "default"
2026-06-29 17:33:08 INFO  [restartedMain] RepositoryConfigurationDelegate - Bootstrapping Spring Data JPA repositories in DEFAULT mode.
2026-06-29 17:33:08 INFO  [restartedMain] RepositoryConfigurationDelegate - Finished Spring Data repository scanning in 20 ms. Found 1 JPA repository interface.
2026-06-29 17:33:08 INFO  [restartedMain] TomcatWebServer - Tomcat initialized with port 4040 (http)
2026-06-29 17:33:08 INFO  [restartedMain] Http11NioProtocol - Initializing ProtocolHandler ["http-nio-4040"]
2026-06-29 17:33:08 INFO  [restartedMain] StandardService - Starting service [Tomcat]
2026-06-29 17:33:08 INFO  [restartedMain] StandardEngine - Starting Servlet engine: [Apache Tomcat/11.0.22]
2026-06-29 17:33:09 INFO  [restartedMain] WebApplicationContextInitializer - Root WebApplicationContext: initialization completed in 807 ms
2026-06-29 17:33:09 INFO  [restartedMain] jpa - HHH008540: Processing PersistenceUnitInfo [name: default]
2026-06-29 17:33:09 INFO  [restartedMain] SpringPersistenceUnitInfo - No LoadTimeWeaver setup: ignoring JPA class transformer
2026-06-29 17:33:09 WARN  [restartedMain] HikariConfig - HikariPool-2 - keepaliveTime is less than 30000ms, disabling it.
2026-06-29 17:33:09 INFO  [restartedMain] HikariDataSource - HikariPool-2 - Starting...
2026-06-29 17:33:09 INFO  [restartedMain] HikariPool - HikariPool-2 - Added connection com.mysql.cj.jdbc.ConnectionImpl@2408ae87
2026-06-29 17:33:09 INFO  [restartedMain] HikariDataSource - HikariPool-2 - Start completed.
2026-06-29 17:33:09 INFO  [restartedMain] pooling - HHH10001005: Database info:
	Database JDBC URL [jdbc:mysql:///techtezworkspace1]
	Database driver: MySQL Connector/J
	Database dialect: MySQLDialect
	Database version: 8.0.46
	Default catalog/schema: techtezworkspace1/undefined
	Autocommit mode: undefined/unknown
	Isolation level: REPEATABLE_READ [default REPEATABLE_READ]
	JDBC fetch size: none
	Pool: DataSourceConnectionProvider
	Minimum pool size: undefined/unknown
	Maximum pool size: undefined/unknown
2026-06-29 17:33:09 INFO  [restartedMain] core - HHH000489: No JTA platform available (set 'hibernate.transaction.jta.platform' to enable JTA platform integration)
2026-06-29 17:33:09 INFO  [restartedMain] LocalContainerEntityManagerFactoryBean - Initialized JPA EntityManagerFactory for persistence unit 'default'
2026-06-29 17:33:09 WARN  [restartedMain] JpaBaseConfiguration$JpaWebConfiguration - spring.jpa.open-in-view is enabled by default. Therefore, database queries may be performed during view rendering. Explicitly configure spring.jpa.open-in-view to disable this warning
2026-06-29 17:33:09 INFO  [restartedMain] Http11NioProtocol - Starting ProtocolHandler ["http-nio-4040"]
2026-06-29 17:33:09 INFO  [restartedMain] TomcatWebServer - Tomcat started on port 4040 (http) with context path '/EmployeeManagementAPI'
2026-06-29 17:33:09 INFO  [restartedMain] EmployeeManagementApiApplication - Started EmployeeManagementApiApplication in 1.613 seconds (process running for 3782.774)
2026-06-29 17:33:09 INFO  [restartedMain] ConditionEvaluationDeltaLoggingListener - Condition evaluation unchanged
2026-06-29 17:35:37 INFO  [File Watcher] LocalDevToolsAutoConfiguration$RestartingClassPathChangeChangedEventListener - Restarting due to 2 class path changes (0 additions, 0 deletions, 2 modifications)
2026-06-29 17:35:37 INFO  [Thread-5] GracefulShutdown - Commencing graceful shutdown. Waiting for active requests to complete
2026-06-29 17:35:37 INFO  [tomcat-shutdown] Http11NioProtocol - Pausing ProtocolHandler ["http-nio-4040"]
2026-06-29 17:35:37 INFO  [tomcat-shutdown] GracefulShutdown - Graceful shutdown complete
2026-06-29 17:35:37 INFO  [Thread-5] Http11NioProtocol - Stopping ProtocolHandler ["http-nio-4040"]
2026-06-29 17:35:37 INFO  [Thread-5] LocalContainerEntityManagerFactoryBean - Closing JPA EntityManagerFactory for persistence unit 'default'
2026-06-29 17:35:37 INFO  [Thread-5] HikariDataSource - HikariPool-2 - Shutdown initiated...
2026-06-29 17:35:37 INFO  [Thread-5] HikariDataSource - HikariPool-2 - Shutdown completed.
2026-06-29 17:35:37 INFO  [restartedMain] EmployeeManagementApiApplication - Starting EmployeeManagementApiApplication using Java 21.0.11 with PID 6836 (C:\Users\Techtezllp\eclipse-workspace1\EmployeeManagementAPI\target\classes started by Techtezllp in C:\Users\Techtezllp\eclipse-workspace1\EmployeeManagementAPI)
2026-06-29 17:35:37 INFO  [restartedMain] EmployeeManagementApiApplication - No active profile set, falling back to 1 default profile: "default"
2026-06-29 17:35:37 INFO  [restartedMain] RepositoryConfigurationDelegate - Bootstrapping Spring Data JPA repositories in DEFAULT mode.
2026-06-29 17:35:37 INFO  [restartedMain] RepositoryConfigurationDelegate - Finished Spring Data repository scanning in 13 ms. Found 1 JPA repository interface.
2026-06-29 17:35:37 INFO  [restartedMain] TomcatWebServer - Tomcat initialized with port 4040 (http)
2026-06-29 17:35:37 INFO  [restartedMain] Http11NioProtocol - Initializing ProtocolHandler ["http-nio-4040"]
2026-06-29 17:35:37 INFO  [restartedMain] StandardService - Starting service [Tomcat]
2026-06-29 17:35:37 INFO  [restartedMain] StandardEngine - Starting Servlet engine: [Apache Tomcat/11.0.22]
2026-06-29 17:35:37 INFO  [restartedMain] WebApplicationContextInitializer - Root WebApplicationContext: initialization completed in 436 ms
2026-06-29 17:35:37 INFO  [restartedMain] jpa - HHH008540: Processing PersistenceUnitInfo [name: default]
2026-06-29 17:35:37 INFO  [restartedMain] SpringPersistenceUnitInfo - No LoadTimeWeaver setup: ignoring JPA class transformer
2026-06-29 17:35:37 WARN  [restartedMain] HikariConfig - HikariPool-3 - keepaliveTime is less than 30000ms, disabling it.
2026-06-29 17:35:37 INFO  [restartedMain] HikariDataSource - HikariPool-3 - Starting...
2026-06-29 17:35:37 INFO  [restartedMain] HikariPool - HikariPool-3 - Added connection com.mysql.cj.jdbc.ConnectionImpl@52c2428e
2026-06-29 17:35:37 INFO  [restartedMain] HikariDataSource - HikariPool-3 - Start completed.
2026-06-29 17:35:37 INFO  [restartedMain] pooling - HHH10001005: Database info:
	Database JDBC URL [jdbc:mysql:///techtezworkspace1]
	Database driver: MySQL Connector/J
	Database dialect: MySQLDialect
	Database version: 8.0.46
	Default catalog/schema: techtezworkspace1/undefined
	Autocommit mode: undefined/unknown
	Isolation level: REPEATABLE_READ [default REPEATABLE_READ]
	JDBC fetch size: none
	Pool: DataSourceConnectionProvider
	Minimum pool size: undefined/unknown
	Maximum pool size: undefined/unknown
2026-06-29 17:35:37 INFO  [restartedMain] core - HHH000489: No JTA platform available (set 'hibernate.transaction.jta.platform' to enable JTA platform integration)
2026-06-29 17:35:37 INFO  [restartedMain] LocalContainerEntityManagerFactoryBean - Initialized JPA EntityManagerFactory for persistence unit 'default'
2026-06-29 17:35:38 WARN  [restartedMain] JpaBaseConfiguration$JpaWebConfiguration - spring.jpa.open-in-view is enabled by default. Therefore, database queries may be performed during view rendering. Explicitly configure spring.jpa.open-in-view to disable this warning
2026-06-29 17:35:38 INFO  [restartedMain] Http11NioProtocol - Starting ProtocolHandler ["http-nio-4040"]
2026-06-29 17:35:38 INFO  [restartedMain] TomcatWebServer - Tomcat started on port 4040 (http) with context path '/EmployeeManagementAPI'
2026-06-29 17:35:38 INFO  [restartedMain] EmployeeManagementApiApplication - Started EmployeeManagementApiApplication in 0.906 seconds (process running for 3931.187)
2026-06-29 17:35:38 INFO  [restartedMain] ConditionEvaluationDeltaLoggingListener - Condition evaluation unchanged
2026-06-29 17:39:37 INFO  [File Watcher] LocalDevToolsAutoConfiguration$RestartingClassPathChangeChangedEventListener - Restarting due to 2 class path changes (0 additions, 0 deletions, 2 modifications)
2026-06-29 17:39:37 INFO  [Thread-9] GracefulShutdown - Commencing graceful shutdown. Waiting for active requests to complete
2026-06-29 17:39:37 INFO  [tomcat-shutdown] Http11NioProtocol - Pausing ProtocolHandler ["http-nio-4040"]
2026-06-29 17:39:37 INFO  [tomcat-shutdown] GracefulShutdown - Graceful shutdown complete
2026-06-29 17:39:37 INFO  [Thread-9] Http11NioProtocol - Stopping ProtocolHandler ["http-nio-4040"]
2026-06-29 17:39:37 INFO  [Thread-9] LocalContainerEntityManagerFactoryBean - Closing JPA EntityManagerFactory for persistence unit 'default'
2026-06-29 17:39:37 INFO  [Thread-9] HikariDataSource - HikariPool-3 - Shutdown initiated...
2026-06-29 17:39:37 INFO  [Thread-9] HikariDataSource - HikariPool-3 - Shutdown completed.
2026-06-29 17:39:37 INFO  [restartedMain] EmployeeManagementApiApplication - Starting EmployeeManagementApiApplication using Java 21.0.11 with PID 6836 (C:\Users\Techtezllp\eclipse-workspace1\EmployeeManagementAPI\target\classes started by Techtezllp in C:\Users\Techtezllp\eclipse-workspace1\EmployeeManagementAPI)
2026-06-29 17:39:37 INFO  [restartedMain] EmployeeManagementApiApplication - No active profile set, falling back to 1 default profile: "default"
2026-06-29 17:39:38 INFO  [restartedMain] RepositoryConfigurationDelegate - Bootstrapping Spring Data JPA repositories in DEFAULT mode.
2026-06-29 17:39:38 INFO  [restartedMain] RepositoryConfigurationDelegate - Finished Spring Data repository scanning in 12 ms. Found 1 JPA repository interface.
2026-06-29 17:39:38 INFO  [restartedMain] TomcatWebServer - Tomcat initialized with port 4040 (http)
2026-06-29 17:39:38 INFO  [restartedMain] Http11NioProtocol - Initializing ProtocolHandler ["http-nio-4040"]
2026-06-29 17:39:38 INFO  [restartedMain] StandardService - Starting service [Tomcat]
2026-06-29 17:39:38 INFO  [restartedMain] StandardEngine - Starting Servlet engine: [Apache Tomcat/11.0.22]
2026-06-29 17:39:38 INFO  [restartedMain] WebApplicationContextInitializer - Root WebApplicationContext: initialization completed in 484 ms
2026-06-29 17:39:38 INFO  [restartedMain] jpa - HHH008540: Processing PersistenceUnitInfo [name: default]
2026-06-29 17:39:38 INFO  [restartedMain] SpringPersistenceUnitInfo - No LoadTimeWeaver setup: ignoring JPA class transformer
2026-06-29 17:39:38 WARN  [restartedMain] HikariConfig - HikariPool-4 - keepaliveTime is less than 30000ms, disabling it.
2026-06-29 17:39:38 INFO  [restartedMain] HikariDataSource - HikariPool-4 - Starting...
2026-06-29 17:39:38 INFO  [restartedMain] HikariPool - HikariPool-4 - Added connection com.mysql.cj.jdbc.ConnectionImpl@280b47b0
2026-06-29 17:39:38 INFO  [restartedMain] HikariDataSource - HikariPool-4 - Start completed.
2026-06-29 17:39:38 INFO  [restartedMain] pooling - HHH10001005: Database info:
	Database JDBC URL [jdbc:mysql:///techtezworkspace1]
	Database driver: MySQL Connector/J
	Database dialect: MySQLDialect
	Database version: 8.0.46
	Default catalog/schema: techtezworkspace1/undefined
	Autocommit mode: undefined/unknown
	Isolation level: REPEATABLE_READ [default REPEATABLE_READ]
	JDBC fetch size: none
	Pool: DataSourceConnectionProvider
	Minimum pool size: undefined/unknown
	Maximum pool size: undefined/unknown
2026-06-29 17:39:38 INFO  [restartedMain] core - HHH000489: No JTA platform available (set 'hibernate.transaction.jta.platform' to enable JTA platform integration)
2026-06-29 17:39:38 INFO  [restartedMain] LocalContainerEntityManagerFactoryBean - Initialized JPA EntityManagerFactory for persistence unit 'default'
2026-06-29 17:39:38 WARN  [restartedMain] JpaBaseConfiguration$JpaWebConfiguration - spring.jpa.open-in-view is enabled by default. Therefore, database queries may be performed during view rendering. Explicitly configure spring.jpa.open-in-view to disable this warning
2026-06-29 17:39:38 INFO  [restartedMain] Http11NioProtocol - Starting ProtocolHandler ["http-nio-4040"]
2026-06-29 17:39:38 INFO  [restartedMain] TomcatWebServer - Tomcat started on port 4040 (http) with context path '/EmployeeManagementAPI'
2026-06-29 17:39:38 INFO  [restartedMain] EmployeeManagementApiApplication - Started EmployeeManagementApiApplication in 0.959 seconds (process running for 4171.836)
2026-06-29 17:39:38 INFO  [restartedMain] ConditionEvaluationDeltaLoggingListener - Condition evaluation unchanged
2026-06-29 17:51:53 INFO  [File Watcher] LocalDevToolsAutoConfiguration$RestartingClassPathChangeChangedEventListener - Restarting due to 2 class path changes (0 additions, 0 deletions, 2 modifications)
2026-06-29 17:51:53 INFO  [Thread-13] GracefulShutdown - Commencing graceful shutdown. Waiting for active requests to complete
2026-06-29 17:51:53 INFO  [tomcat-shutdown] Http11NioProtocol - Pausing ProtocolHandler ["http-nio-4040"]
2026-06-29 17:51:53 INFO  [tomcat-shutdown] GracefulShutdown - Graceful shutdown complete
2026-06-29 17:51:53 INFO  [Thread-13] Http11NioProtocol - Stopping ProtocolHandler ["http-nio-4040"]
2026-06-29 17:51:53 INFO  [Thread-13] LocalContainerEntityManagerFactoryBean - Closing JPA EntityManagerFactory for persistence unit 'default'
2026-06-29 17:51:53 INFO  [Thread-13] HikariDataSource - HikariPool-4 - Shutdown initiated...
2026-06-29 17:51:53 INFO  [Thread-13] HikariDataSource - HikariPool-4 - Shutdown completed.
2026-06-29 17:51:53 INFO  [restartedMain] EmployeeManagementApiApplication - Starting EmployeeManagementApiApplication using Java 21.0.11 with PID 6836 (C:\Users\Techtezllp\eclipse-workspace1\EmployeeManagementAPI\target\classes started by Techtezllp in C:\Users\Techtezllp\eclipse-workspace1\EmployeeManagementAPI)
2026-06-29 17:51:53 INFO  [restartedMain] EmployeeManagementApiApplication - No active profile set, falling back to 1 default profile: "default"
2026-06-29 17:51:53 INFO  [restartedMain] RepositoryConfigurationDelegate - Bootstrapping Spring Data JPA repositories in DEFAULT mode.
2026-06-29 17:51:53 INFO  [restartedMain] RepositoryConfigurationDelegate - Finished Spring Data repository scanning in 11 ms. Found 1 JPA repository interface.
2026-06-29 17:51:53 INFO  [restartedMain] TomcatWebServer - Tomcat initialized with port 4040 (http)
2026-06-29 17:51:53 INFO  [restartedMain] Http11NioProtocol - Initializing ProtocolHandler ["http-nio-4040"]
2026-06-29 17:51:53 INFO  [restartedMain] StandardService - Starting service [Tomcat]
2026-06-29 17:51:53 INFO  [restartedMain] StandardEngine - Starting Servlet engine: [Apache Tomcat/11.0.22]
2026-06-29 17:51:53 INFO  [restartedMain] WebApplicationContextInitializer - Root WebApplicationContext: initialization completed in 312 ms
2026-06-29 17:51:53 INFO  [restartedMain] jpa - HHH008540: Processing PersistenceUnitInfo [name: default]
2026-06-29 17:51:53 INFO  [restartedMain] SpringPersistenceUnitInfo - No LoadTimeWeaver setup: ignoring JPA class transformer
2026-06-29 17:51:53 WARN  [restartedMain] HikariConfig - HikariPool-5 - keepaliveTime is less than 30000ms, disabling it.
2026-06-29 17:51:53 INFO  [restartedMain] HikariDataSource - HikariPool-5 - Starting...
2026-06-29 17:51:53 INFO  [restartedMain] HikariPool - HikariPool-5 - Added connection com.mysql.cj.jdbc.ConnectionImpl@4f758da8
2026-06-29 17:51:53 INFO  [restartedMain] HikariDataSource - HikariPool-5 - Start completed.
2026-06-29 17:51:53 INFO  [restartedMain] pooling - HHH10001005: Database info:
	Database JDBC URL [jdbc:mysql:///techtezworkspace1]
	Database driver: MySQL Connector/J
	Database dialect: MySQLDialect
	Database version: 8.0.46
	Default catalog/schema: techtezworkspace1/undefined
	Autocommit mode: undefined/unknown
	Isolation level: REPEATABLE_READ [default REPEATABLE_READ]
	JDBC fetch size: none
	Pool: DataSourceConnectionProvider
	Minimum pool size: undefined/unknown
	Maximum pool size: undefined/unknown
2026-06-29 17:51:53 INFO  [restartedMain] core - HHH000489: No JTA platform available (set 'hibernate.transaction.jta.platform' to enable JTA platform integration)
2026-06-29 17:51:53 INFO  [restartedMain] LocalContainerEntityManagerFactoryBean - Initialized JPA EntityManagerFactory for persistence unit 'default'
2026-06-29 17:51:53 WARN  [restartedMain] JpaBaseConfiguration$JpaWebConfiguration - spring.jpa.open-in-view is enabled by default. Therefore, database queries may be performed during view rendering. Explicitly configure spring.jpa.open-in-view to disable this warning
2026-06-29 17:51:53 INFO  [restartedMain] Http11NioProtocol - Starting ProtocolHandler ["http-nio-4040"]
2026-06-29 17:51:53 INFO  [restartedMain] TomcatWebServer - Tomcat started on port 4040 (http) with context path '/EmployeeManagementAPI'
2026-06-29 17:51:53 INFO  [restartedMain] EmployeeManagementApiApplication - Started EmployeeManagementApiApplication in 0.649 seconds (process running for 4906.987)
2026-06-29 17:51:53 INFO  [restartedMain] ConditionEvaluationDeltaLoggingListener - Condition evaluation unchanged
2026-06-29 17:51:59 INFO  [File Watcher] LocalDevToolsAutoConfiguration$RestartingClassPathChangeChangedEventListener - Restarting due to 1 class path change (0 additions, 0 deletions, 1 modification)
2026-06-29 17:51:59 INFO  [Thread-17] GracefulShutdown - Commencing graceful shutdown. Waiting for active requests to complete
2026-06-29 17:51:59 INFO  [tomcat-shutdown] Http11NioProtocol - Pausing ProtocolHandler ["http-nio-4040"]
2026-06-29 17:51:59 INFO  [tomcat-shutdown] GracefulShutdown - Graceful shutdown complete
2026-06-29 17:51:59 INFO  [Thread-17] Http11NioProtocol - Stopping ProtocolHandler ["http-nio-4040"]
2026-06-29 17:51:59 INFO  [Thread-17] LocalContainerEntityManagerFactoryBean - Closing JPA EntityManagerFactory for persistence unit 'default'
2026-06-29 17:51:59 INFO  [Thread-17] HikariDataSource - HikariPool-5 - Shutdown initiated...
2026-06-29 17:51:59 INFO  [Thread-17] HikariDataSource - HikariPool-5 - Shutdown completed.
2026-06-29 17:51:59 INFO  [restartedMain] EmployeeManagementApiApplication - Starting EmployeeManagementApiApplication using Java 21.0.11 with PID 6836 (C:\Users\Techtezllp\eclipse-workspace1\EmployeeManagementAPI\target\classes started by Techtezllp in C:\Users\Techtezllp\eclipse-workspace1\EmployeeManagementAPI)
2026-06-29 17:51:59 INFO  [restartedMain] EmployeeManagementApiApplication - No active profile set, falling back to 1 default profile: "default"
2026-06-29 17:51:59 INFO  [restartedMain] RepositoryConfigurationDelegate - Bootstrapping Spring Data JPA repositories in DEFAULT mode.
2026-06-29 17:51:59 INFO  [restartedMain] RepositoryConfigurationDelegate - Finished Spring Data repository scanning in 11 ms. Found 1 JPA repository interface.
2026-06-29 17:51:59 INFO  [restartedMain] TomcatWebServer - Tomcat initialized with port 4040 (http)
2026-06-29 17:51:59 INFO  [restartedMain] Http11NioProtocol - Initializing ProtocolHandler ["http-nio-4040"]
2026-06-29 17:51:59 INFO  [restartedMain] StandardService - Starting service [Tomcat]
2026-06-29 17:51:59 INFO  [restartedMain] StandardEngine - Starting Servlet engine: [Apache Tomcat/11.0.22]
2026-06-29 17:51:59 INFO  [restartedMain] WebApplicationContextInitializer - Root WebApplicationContext: initialization completed in 301 ms
2026-06-29 17:51:59 INFO  [restartedMain] jpa - HHH008540: Processing PersistenceUnitInfo [name: default]
2026-06-29 17:51:59 INFO  [restartedMain] SpringPersistenceUnitInfo - No LoadTimeWeaver setup: ignoring JPA class transformer
2026-06-29 17:51:59 WARN  [restartedMain] HikariConfig - HikariPool-6 - keepaliveTime is less than 30000ms, disabling it.
2026-06-29 17:51:59 INFO  [restartedMain] HikariDataSource - HikariPool-6 - Starting...
2026-06-29 17:51:59 INFO  [restartedMain] HikariPool - HikariPool-6 - Added connection com.mysql.cj.jdbc.ConnectionImpl@2e879f6f
2026-06-29 17:51:59 INFO  [restartedMain] HikariDataSource - HikariPool-6 - Start completed.
2026-06-29 17:51:59 INFO  [restartedMain] pooling - HHH10001005: Database info:
	Database JDBC URL [jdbc:mysql:///techtezworkspace1]
	Database driver: MySQL Connector/J
	Database dialect: MySQLDialect
	Database version: 8.0.46
	Default catalog/schema: techtezworkspace1/undefined
	Autocommit mode: undefined/unknown
	Isolation level: REPEATABLE_READ [default REPEATABLE_READ]
	JDBC fetch size: none
	Pool: DataSourceConnectionProvider
	Minimum pool size: undefined/unknown
	Maximum pool size: undefined/unknown
2026-06-29 17:52:00 INFO  [restartedMain] core - HHH000489: No JTA platform available (set 'hibernate.transaction.jta.platform' to enable JTA platform integration)
2026-06-29 17:52:00 INFO  [restartedMain] LocalContainerEntityManagerFactoryBean - Initialized JPA EntityManagerFactory for persistence unit 'default'
2026-06-29 17:52:00 WARN  [restartedMain] JpaBaseConfiguration$JpaWebConfiguration - spring.jpa.open-in-view is enabled by default. Therefore, database queries may be performed during view rendering. Explicitly configure spring.jpa.open-in-view to disable this warning
2026-06-29 17:52:00 INFO  [restartedMain] Http11NioProtocol - Starting ProtocolHandler ["http-nio-4040"]
2026-06-29 17:52:00 INFO  [restartedMain] TomcatWebServer - Tomcat started on port 4040 (http) with context path '/EmployeeManagementAPI'
2026-06-29 17:52:00 INFO  [restartedMain] EmployeeManagementApiApplication - Started EmployeeManagementApiApplication in 0.703 seconds (process running for 4913.236)
2026-06-29 17:52:00 INFO  [restartedMain] ConditionEvaluationDeltaLoggingListener - Condition evaluation unchanged
2026-06-29 18:02:00 INFO  [File Watcher] LocalDevToolsAutoConfiguration$RestartingClassPathChangeChangedEventListener - Restarting due to 1 class path change (0 additions, 0 deletions, 1 modification)
2026-06-29 18:02:00 INFO  [Thread-21] GracefulShutdown - Commencing graceful shutdown. Waiting for active requests to complete
2026-06-29 18:02:00 INFO  [tomcat-shutdown] Http11NioProtocol - Pausing ProtocolHandler ["http-nio-4040"]
2026-06-29 18:02:00 INFO  [tomcat-shutdown] GracefulShutdown - Graceful shutdown complete
2026-06-29 18:02:00 INFO  [Thread-21] Http11NioProtocol - Stopping ProtocolHandler ["http-nio-4040"]
2026-06-29 18:02:00 INFO  [Thread-21] LocalContainerEntityManagerFactoryBean - Closing JPA EntityManagerFactory for persistence unit 'default'
2026-06-29 18:02:00 INFO  [Thread-21] HikariDataSource - HikariPool-6 - Shutdown initiated...
2026-06-29 18:02:00 INFO  [Thread-21] HikariDataSource - HikariPool-6 - Shutdown completed.
2026-06-29 18:02:00 INFO  [restartedMain] EmployeeManagementApiApplication - Starting EmployeeManagementApiApplication using Java 21.0.11 with PID 6836 (C:\Users\Techtezllp\eclipse-workspace1\EmployeeManagementAPI\target\classes started by Techtezllp in C:\Users\Techtezllp\eclipse-workspace1\EmployeeManagementAPI)
2026-06-29 18:02:00 INFO  [restartedMain] EmployeeManagementApiApplication - No active profile set, falling back to 1 default profile: "default"
2026-06-29 18:02:01 INFO  [restartedMain] RepositoryConfigurationDelegate - Bootstrapping Spring Data JPA repositories in DEFAULT mode.
2026-06-29 18:02:01 INFO  [restartedMain] RepositoryConfigurationDelegate - Finished Spring Data repository scanning in 13 ms. Found 1 JPA repository interface.
2026-06-29 18:02:01 INFO  [restartedMain] TomcatWebServer - Tomcat initialized with port 4040 (http)
2026-06-29 18:02:01 INFO  [restartedMain] Http11NioProtocol - Initializing ProtocolHandler ["http-nio-4040"]
2026-06-29 18:02:01 INFO  [restartedMain] StandardService - Starting service [Tomcat]
2026-06-29 18:02:01 INFO  [restartedMain] StandardEngine - Starting Servlet engine: [Apache Tomcat/11.0.22]
2026-06-29 18:02:01 INFO  [restartedMain] WebApplicationContextInitializer - Root WebApplicationContext: initialization completed in 369 ms
2026-06-29 18:02:01 INFO  [restartedMain] jpa - HHH008540: Processing PersistenceUnitInfo [name: default]
2026-06-29 18:02:01 INFO  [restartedMain] SpringPersistenceUnitInfo - No LoadTimeWeaver setup: ignoring JPA class transformer
2026-06-29 18:02:01 WARN  [restartedMain] HikariConfig - HikariPool-7 - keepaliveTime is less than 30000ms, disabling it.
2026-06-29 18:02:01 INFO  [restartedMain] HikariDataSource - HikariPool-7 - Starting...
2026-06-29 18:02:01 INFO  [restartedMain] HikariPool - HikariPool-7 - Added connection com.mysql.cj.jdbc.ConnectionImpl@42b7ce8
2026-06-29 18:02:01 INFO  [restartedMain] HikariDataSource - HikariPool-7 - Start completed.
2026-06-29 18:02:01 INFO  [restartedMain] pooling - HHH10001005: Database info:
	Database JDBC URL [jdbc:mysql:///techtezworkspace1]
	Database driver: MySQL Connector/J
	Database dialect: MySQLDialect
	Database version: 8.0.46
	Default catalog/schema: techtezworkspace1/undefined
	Autocommit mode: undefined/unknown
	Isolation level: REPEATABLE_READ [default REPEATABLE_READ]
	JDBC fetch size: none
	Pool: DataSourceConnectionProvider
	Minimum pool size: undefined/unknown
	Maximum pool size: undefined/unknown
2026-06-29 18:02:01 INFO  [restartedMain] core - HHH000489: No JTA platform available (set 'hibernate.transaction.jta.platform' to enable JTA platform integration)
2026-06-29 18:02:01 INFO  [restartedMain] LocalContainerEntityManagerFactoryBean - Initialized JPA EntityManagerFactory for persistence unit 'default'
2026-06-29 18:02:01 WARN  [restartedMain] JpaBaseConfiguration$JpaWebConfiguration - spring.jpa.open-in-view is enabled by default. Therefore, database queries may be performed during view rendering. Explicitly configure spring.jpa.open-in-view to disable this warning
2026-06-29 18:02:01 INFO  [restartedMain] Http11NioProtocol - Starting ProtocolHandler ["http-nio-4040"]
2026-06-29 18:02:01 INFO  [restartedMain] TomcatWebServer - Tomcat started on port 4040 (http) with context path '/EmployeeManagementAPI'
2026-06-29 18:02:01 INFO  [restartedMain] EmployeeManagementApiApplication - Started EmployeeManagementApiApplication in 0.792 seconds (process running for 5514.687)
2026-06-29 18:02:01 INFO  [restartedMain] ConditionEvaluationDeltaLoggingListener - Condition evaluation unchanged
2026-06-29 18:03:29 INFO  [restartedMain] EmployeeManagementApiApplication - Starting EmployeeManagementApiApplication using Java 21.0.11 with PID 980 (C:\Users\Techtezllp\eclipse-workspace1\EmployeeManagementAPI\target\classes started by Techtezllp in C:\Users\Techtezllp\eclipse-workspace1\EmployeeManagementAPI)
2026-06-29 18:03:29 INFO  [restartedMain] EmployeeManagementApiApplication - No active profile set, falling back to 1 default profile: "default"
2026-06-29 18:03:29 INFO  [restartedMain] DevToolsPropertyDefaultsPostProcessor - Devtools property defaults active! Set 'spring.devtools.add-properties' to 'false' to disable
2026-06-29 18:03:29 INFO  [restartedMain] DevToolsPropertyDefaultsPostProcessor - For additional web related logging consider setting the 'logging.level.web' property to 'DEBUG'
2026-06-29 18:03:29 INFO  [background-preinit] Version - HV000001: Hibernate Validator 9.1.0.Final
2026-06-29 18:03:30 INFO  [restartedMain] RepositoryConfigurationDelegate - Bootstrapping Spring Data JPA repositories in DEFAULT mode.
2026-06-29 18:03:30 INFO  [restartedMain] RepositoryConfigurationDelegate - Finished Spring Data repository scanning in 82 ms. Found 1 JPA repository interface.
2026-06-29 18:03:31 INFO  [restartedMain] TomcatWebServer - Tomcat initialized with port 4040 (http)
2026-06-29 18:03:31 INFO  [restartedMain] Http11NioProtocol - Initializing ProtocolHandler ["http-nio-4040"]
2026-06-29 18:03:31 INFO  [restartedMain] StandardService - Starting service [Tomcat]
2026-06-29 18:03:31 INFO  [restartedMain] StandardEngine - Starting Servlet engine: [Apache Tomcat/11.0.22]
2026-06-29 18:03:31 INFO  [restartedMain] WebApplicationContextInitializer - Root WebApplicationContext: initialization completed in 2577 ms
2026-06-29 18:03:32 INFO  [restartedMain] jpa - HHH008540: Processing PersistenceUnitInfo [name: default]
2026-06-29 18:03:32 INFO  [restartedMain] core - HHH000001: Hibernate ORM core version 7.4.1.Final
2026-06-29 18:03:32 INFO  [restartedMain] SpringPersistenceUnitInfo - No LoadTimeWeaver setup: ignoring JPA class transformer
2026-06-29 18:03:33 WARN  [restartedMain] HikariConfig - HikariPool-1 - keepaliveTime is less than 30000ms, disabling it.
2026-06-29 18:03:33 INFO  [restartedMain] HikariDataSource - HikariPool-1 - Starting...
2026-06-29 18:03:33 INFO  [restartedMain] HikariPool - HikariPool-1 - Added connection com.mysql.cj.jdbc.ConnectionImpl@401155
2026-06-29 18:03:33 INFO  [restartedMain] HikariDataSource - HikariPool-1 - Start completed.
2026-06-29 18:03:33 INFO  [restartedMain] pooling - HHH10001005: Database info:
	Database JDBC URL [jdbc:mysql:///techtezworkspace1]
	Database driver: MySQL Connector/J
	Database dialect: MySQLDialect
	Database version: 8.0.46
	Default catalog/schema: techtezworkspace1/undefined
	Autocommit mode: undefined/unknown
	Isolation level: REPEATABLE_READ [default REPEATABLE_READ]
	JDBC fetch size: none
	Pool: DataSourceConnectionProvider
	Minimum pool size: undefined/unknown
	Maximum pool size: undefined/unknown
2026-06-29 18:03:34 INFO  [restartedMain] core - HHH000489: No JTA platform available (set 'hibernate.transaction.jta.platform' to enable JTA platform integration)
2026-06-29 18:03:34 INFO  [restartedMain] LocalContainerEntityManagerFactoryBean - Initialized JPA EntityManagerFactory for persistence unit 'default'
2026-06-29 18:03:34 INFO  [restartedMain] QueryEnhancerFactories - Hibernate is in classpath; If applicable, HQL parser will be used.
2026-06-29 18:03:34 WARN  [restartedMain] JpaBaseConfiguration$JpaWebConfiguration - spring.jpa.open-in-view is enabled by default. Therefore, database queries may be performed during view rendering. Explicitly configure spring.jpa.open-in-view to disable this warning
2026-06-29 18:03:35 INFO  [restartedMain] Http11NioProtocol - Starting ProtocolHandler ["http-nio-4040"]
2026-06-29 18:03:35 INFO  [restartedMain] TomcatWebServer - Tomcat started on port 4040 (http) with context path '/EmployeeManagementAPI'
2026-06-29 18:03:35 INFO  [restartedMain] EmployeeManagementApiApplication - Started EmployeeManagementApiApplication in 7.057 seconds (process running for 8.092)
2026-06-29 18:03:47 INFO  [http-nio-4040-exec-1] [/EmployeeManagementAPI] - Initializing Spring DispatcherServlet 'dispatcherServlet'
2026-06-29 18:03:47 INFO  [http-nio-4040-exec-1] DispatcherServlet - Initializing Servlet 'dispatcherServlet'
2026-06-29 18:03:47 INFO  [http-nio-4040-exec-1] DispatcherServlet - Completed initialization in 3 ms
2026-06-29 18:03:47 ERROR [http-nio-4040-exec-1] EmployeeErrorHandler - IllegalArgumentException occurred at /EmployeeManagementAPI/employees/save : HV000030: No validator could be found for constraint 'jakarta.validation.constraints.Pattern' validating type 'java.lang.Long'. Check configuration for 'mobile_no'
jakarta.validation.UnexpectedTypeException: HV000030: No validator could be found for constraint 'jakarta.validation.constraints.Pattern' validating type 'java.lang.Long'. Check configuration for 'mobile_no'
	at org.hibernate.validator.internal.engine.constraintvalidation.ConstraintTree.getExceptionForNullValidator(ConstraintTree.java:99)
	at org.hibernate.validator.internal.engine.constraintvalidation.ConstraintTree.getInitializedConstraintValidator(ConstraintTree.java:145)
	at org.hibernate.validator.internal.engine.constraintvalidation.SimpleConstraintTree.doValidateConstraints(SimpleConstraintTree.java:83)
	at org.hibernate.validator.internal.engine.constraintvalidation.SimpleConstraintTree.validateConstraints(SimpleConstraintTree.java:40)
	at org.hibernate.validator.internal.metadata.core.MetaConstraint.doValidateConstraint(MetaConstraint.java:132)
	at org.hibernate.validator.internal.metadata.core.MetaConstraint.validateConstraint(MetaConstraint.java:124)
	at org.hibernate.validator.internal.engine.ValidatorImpl.validateMetaConstraint(ValidatorImpl.java:602)
	at org.hibernate.validator.internal.engine.ValidatorImpl.validateConstraintsForSingleDefaultGroupElement(ValidatorImpl.java:546)
	at org.hibernate.validator.internal.engine.ValidatorImpl.validateConstraintsForDefaultGroup(ValidatorImpl.java:512)
	at org.hibernate.validator.internal.engine.ValidatorImpl.validateConstraintsForCurrentGroup(ValidatorImpl.java:448)
	at org.hibernate.validator.internal.engine.ValidatorImpl.validateInContext(ValidatorImpl.java:398)
	at org.hibernate.validator.internal.engine.ValidatorImpl.validate(ValidatorImpl.java:170)
	at org.springframework.validation.beanvalidation.SpringValidatorAdapter.validate(SpringValidatorAdapter.java:103)
	at org.springframework.boot.validation.autoconfigure.ValidatorAdapter.validate(ValidatorAdapter.java:69)
	at org.springframework.validation.DataBinder.validate(DataBinder.java:1400)
	at org.springframework.web.servlet.mvc.method.annotation.AbstractMessageConverterMethodArgumentResolver.validateIfApplicable(AbstractMessageConverterMethodArgumentResolver.java:290)
	at org.springframework.web.servlet.mvc.method.annotation.RequestResponseBodyMethodProcessor.resolveArgument(RequestResponseBodyMethodProcessor.java:163)
	at org.springframework.web.method.support.HandlerMethodArgumentResolverComposite.resolveArgument(HandlerMethodArgumentResolverComposite.java:122)
	at org.springframework.web.method.support.InvocableHandlerMethod.getMethodArgumentValues(InvocableHandlerMethod.java:224)
	at org.springframework.web.method.support.InvocableHandlerMethod.invokeForRequest(InvocableHandlerMethod.java:174)
	at org.springframework.web.servlet.mvc.method.annotation.ServletInvocableHandlerMethod.invokeAndHandle(ServletInvocableHandlerMethod.java:117)
	at org.springframework.web.servlet.mvc.method.annotation.RequestMappingHandlerAdapter.invokeHandlerMethod(RequestMappingHandlerAdapter.java:934)
	at org.springframework.web.servlet.mvc.method.annotation.RequestMappingHandlerAdapter.handleInternal(RequestMappingHandlerAdapter.java:853)
	at org.springframework.web.servlet.mvc.method.AbstractHandlerMethodAdapter.handle(AbstractHandlerMethodAdapter.java:86)
	at org.springframework.web.servlet.DispatcherServlet.doDispatch(DispatcherServlet.java:963)
	at org.springframework.web.servlet.DispatcherServlet.doService(DispatcherServlet.java:866)
	at org.springframework.web.servlet.FrameworkServlet.processRequest(FrameworkServlet.java:1000)
	at org.springframework.web.servlet.FrameworkServlet.doPost(FrameworkServlet.java:903)
	at jakarta.servlet.http.HttpServlet.service(HttpServlet.java:649)
	at org.springframework.web.servlet.FrameworkServlet.service(FrameworkServlet.java:874)
	at jakarta.servlet.http.HttpServlet.service(HttpServlet.java:710)
	at org.apache.catalina.core.ApplicationFilterChain.doFilter(ApplicationFilterChain.java:128)
	at org.apache.tomcat.websocket.server.WsFilter.doFilter(WsFilter.java:53)
	at org.apache.catalina.core.ApplicationFilterChain.doFilter(ApplicationFilterChain.java:107)
	at org.springframework.web.filter.RequestContextFilter.doFilterInternal(RequestContextFilter.java:100)
	at org.springframework.web.filter.OncePerRequestFilter.doFilter(OncePerRequestFilter.java:116)
	at org.apache.catalina.core.ApplicationFilterChain.doFilter(ApplicationFilterChain.java:107)
	at org.springframework.web.filter.FormContentFilter.doFilterInternal(FormContentFilter.java:93)
	at org.springframework.web.filter.OncePerRequestFilter.doFilter(OncePerRequestFilter.java:116)
	at org.apache.catalina.core.ApplicationFilterChain.doFilter(ApplicationFilterChain.java:107)
	at org.springframework.web.filter.CharacterEncodingFilter.doFilterInternal(CharacterEncodingFilter.java:199)
	at org.springframework.web.filter.OncePerRequestFilter.doFilter(OncePerRequestFilter.java:116)
	at org.apache.catalina.core.ApplicationFilterChain.doFilter(ApplicationFilterChain.java:107)
	at org.apache.catalina.core.StandardWrapperValve.invoke(StandardWrapperValve.java:165)
	at org.apache.catalina.core.StandardContextValve.invoke(StandardContextValve.java:77)
	at org.apache.catalina.authenticator.AuthenticatorBase.invoke(AuthenticatorBase.java:492)
	at org.apache.catalina.core.StandardHostValve.invoke(StandardHostValve.java:113)
	at org.apache.catalina.valves.ErrorReportValve.invoke(ErrorReportValve.java:83)
	at org.apache.catalina.core.StandardEngineValve.invoke(StandardEngineValve.java:72)
	at org.apache.catalina.connector.CoyoteAdapter.service(CoyoteAdapter.java:341)
	at org.apache.coyote.http11.Http11Processor.service(Http11Processor.java:397)
	at org.apache.coyote.AbstractProcessorLight.process(AbstractProcessorLight.java:63)
	at org.apache.coyote.AbstractProtocol$ConnectionHandler.process(AbstractProtocol.java:1272)
	at org.apache.tomcat.util.net.NioEndpoint$SocketProcessor.doRun(NioEndpoint.java:1801)
	at org.apache.tomcat.util.net.SocketProcessorBase.run(SocketProcessorBase.java:52)
	at org.apache.tomcat.util.threads.ThreadPoolExecutor.runWorker(ThreadPoolExecutor.java:946)
	at org.apache.tomcat.util.threads.ThreadPoolExecutor$Worker.run(ThreadPoolExecutor.java:480)
	at org.apache.tomcat.util.threads.TaskThread$WrappingRunnable.run(TaskThread.java:57)
	at java.base/java.lang.Thread.run(Thread.java:1583)
2026-06-29 18:03:47 WARN  [http-nio-4040-exec-1] ExceptionHandlerExceptionResolver - Resolved [jakarta.validation.UnexpectedTypeException: HV000030: No validator could be found for constraint 'jakarta.validation.constraints.Pattern' validating type 'java.lang.Long'. Check configuration for 'mobile_no']
2026-06-29 18:05:15 INFO  [File Watcher] LocalDevToolsAutoConfiguration$RestartingClassPathChangeChangedEventListener - Restarting due to 1 class path change (0 additions, 0 deletions, 1 modification)
2026-06-29 18:05:15 INFO  [Thread-1] GracefulShutdown - Commencing graceful shutdown. Waiting for active requests to complete
2026-06-29 18:05:15 INFO  [tomcat-shutdown] Http11NioProtocol - Pausing ProtocolHandler ["http-nio-4040"]
2026-06-29 18:05:15 INFO  [tomcat-shutdown] GracefulShutdown - Graceful shutdown complete
2026-06-29 18:05:15 INFO  [Thread-1] Http11NioProtocol - Stopping ProtocolHandler ["http-nio-4040"]
2026-06-29 18:05:15 INFO  [Thread-1] LocalContainerEntityManagerFactoryBean - Closing JPA EntityManagerFactory for persistence unit 'default'
2026-06-29 18:05:15 INFO  [Thread-1] HikariDataSource - HikariPool-1 - Shutdown initiated...
2026-06-29 18:05:15 INFO  [Thread-1] HikariDataSource - HikariPool-1 - Shutdown completed.
2026-06-29 18:05:16 INFO  [restartedMain] EmployeeManagementApiApplication - Starting EmployeeManagementApiApplication using Java 21.0.11 with PID 980 (C:\Users\Techtezllp\eclipse-workspace1\EmployeeManagementAPI\target\classes started by Techtezllp in C:\Users\Techtezllp\eclipse-workspace1\EmployeeManagementAPI)
2026-06-29 18:05:16 INFO  [restartedMain] EmployeeManagementApiApplication - No active profile set, falling back to 1 default profile: "default"
2026-06-29 18:05:16 INFO  [restartedMain] RepositoryConfigurationDelegate - Bootstrapping Spring Data JPA repositories in DEFAULT mode.
2026-06-29 18:05:16 INFO  [restartedMain] RepositoryConfigurationDelegate - Finished Spring Data repository scanning in 14 ms. Found 1 JPA repository interface.
2026-06-29 18:05:16 INFO  [restartedMain] TomcatWebServer - Tomcat initialized with port 4040 (http)
2026-06-29 18:05:16 INFO  [restartedMain] Http11NioProtocol - Initializing ProtocolHandler ["http-nio-4040"]
2026-06-29 18:05:16 INFO  [restartedMain] StandardService - Starting service [Tomcat]
2026-06-29 18:05:16 INFO  [restartedMain] StandardEngine - Starting Servlet engine: [Apache Tomcat/11.0.22]
2026-06-29 18:05:16 INFO  [restartedMain] WebApplicationContextInitializer - Root WebApplicationContext: initialization completed in 387 ms
2026-06-29 18:05:16 INFO  [restartedMain] jpa - HHH008540: Processing PersistenceUnitInfo [name: default]
2026-06-29 18:05:16 INFO  [restartedMain] SpringPersistenceUnitInfo - No LoadTimeWeaver setup: ignoring JPA class transformer
2026-06-29 18:05:16 WARN  [restartedMain] HikariConfig - HikariPool-2 - keepaliveTime is less than 30000ms, disabling it.
2026-06-29 18:05:16 INFO  [restartedMain] HikariDataSource - HikariPool-2 - Starting...
2026-06-29 18:05:16 INFO  [restartedMain] HikariPool - HikariPool-2 - Added connection com.mysql.cj.jdbc.ConnectionImpl@6732d571
2026-06-29 18:05:16 INFO  [restartedMain] HikariDataSource - HikariPool-2 - Start completed.
2026-06-29 18:05:16 INFO  [restartedMain] pooling - HHH10001005: Database info:
	Database JDBC URL [jdbc:mysql:///techtezworkspace1]
	Database driver: MySQL Connector/J
	Database dialect: MySQLDialect
	Database version: 8.0.46
	Default catalog/schema: techtezworkspace1/undefined
	Autocommit mode: undefined/unknown
	Isolation level: REPEATABLE_READ [default REPEATABLE_READ]
	JDBC fetch size: none
	Pool: DataSourceConnectionProvider
	Minimum pool size: undefined/unknown
	Maximum pool size: undefined/unknown
2026-06-29 18:05:16 INFO  [restartedMain] core - HHH000489: No JTA platform available (set 'hibernate.transaction.jta.platform' to enable JTA platform integration)
2026-06-29 18:05:16 INFO  [restartedMain] LocalContainerEntityManagerFactoryBean - Initialized JPA EntityManagerFactory for persistence unit 'default'
2026-06-29 18:05:16 WARN  [restartedMain] JpaBaseConfiguration$JpaWebConfiguration - spring.jpa.open-in-view is enabled by default. Therefore, database queries may be performed during view rendering. Explicitly configure spring.jpa.open-in-view to disable this warning
2026-06-29 18:05:16 INFO  [restartedMain] Http11NioProtocol - Starting ProtocolHandler ["http-nio-4040"]
2026-06-29 18:05:16 INFO  [restartedMain] TomcatWebServer - Tomcat started on port 4040 (http) with context path '/EmployeeManagementAPI'
2026-06-29 18:05:16 INFO  [restartedMain] EmployeeManagementApiApplication - Started EmployeeManagementApiApplication in 0.946 seconds (process running for 109.599)
2026-06-29 18:05:16 INFO  [restartedMain] ConditionEvaluationDeltaLoggingListener - Condition evaluation unchanged
2026-06-29 18:10:19 INFO  [restartedMain] EmployeeManagementApiApplication - Starting EmployeeManagementApiApplication using Java 21.0.11 with PID 23948 (C:\Users\Techtezllp\eclipse-workspace1\EmployeeManagementAPI\target\classes started by Techtezllp in C:\Users\Techtezllp\eclipse-workspace1\EmployeeManagementAPI)
2026-06-29 18:10:19 INFO  [restartedMain] EmployeeManagementApiApplication - No active profile set, falling back to 1 default profile: "default"
2026-06-29 18:10:19 INFO  [restartedMain] DevToolsPropertyDefaultsPostProcessor - Devtools property defaults active! Set 'spring.devtools.add-properties' to 'false' to disable
2026-06-29 18:10:19 INFO  [restartedMain] DevToolsPropertyDefaultsPostProcessor - For additional web related logging consider setting the 'logging.level.web' property to 'DEBUG'
2026-06-29 18:10:19 INFO  [background-preinit] Version - HV000001: Hibernate Validator 9.1.0.Final
2026-06-29 18:10:20 INFO  [restartedMain] RepositoryConfigurationDelegate - Bootstrapping Spring Data JPA repositories in DEFAULT mode.
2026-06-29 18:10:20 INFO  [restartedMain] RepositoryConfigurationDelegate - Finished Spring Data repository scanning in 66 ms. Found 1 JPA repository interface.
2026-06-29 18:10:21 INFO  [restartedMain] TomcatWebServer - Tomcat initialized with port 4040 (http)
2026-06-29 18:10:21 INFO  [restartedMain] Http11NioProtocol - Initializing ProtocolHandler ["http-nio-4040"]
2026-06-29 18:10:21 INFO  [restartedMain] StandardService - Starting service [Tomcat]
2026-06-29 18:10:21 INFO  [restartedMain] StandardEngine - Starting Servlet engine: [Apache Tomcat/11.0.22]
2026-06-29 18:10:21 INFO  [restartedMain] WebApplicationContextInitializer - Root WebApplicationContext: initialization completed in 2200 ms
2026-06-29 18:10:21 INFO  [restartedMain] jpa - HHH008540: Processing PersistenceUnitInfo [name: default]
2026-06-29 18:10:22 INFO  [restartedMain] core - HHH000001: Hibernate ORM core version 7.4.1.Final
2026-06-29 18:10:22 INFO  [restartedMain] SpringPersistenceUnitInfo - No LoadTimeWeaver setup: ignoring JPA class transformer
2026-06-29 18:10:22 WARN  [restartedMain] HikariConfig - HikariPool-1 - keepaliveTime is less than 30000ms, disabling it.
2026-06-29 18:10:22 INFO  [restartedMain] HikariDataSource - HikariPool-1 - Starting...
2026-06-29 18:10:23 INFO  [restartedMain] HikariPool - HikariPool-1 - Added connection com.mysql.cj.jdbc.ConnectionImpl@4aa78991
2026-06-29 18:10:23 INFO  [restartedMain] HikariDataSource - HikariPool-1 - Start completed.
2026-06-29 18:10:23 INFO  [restartedMain] pooling - HHH10001005: Database info:
	Database JDBC URL [jdbc:mysql:///techtezworkspace1]
	Database driver: MySQL Connector/J
	Database dialect: MySQLDialect
	Database version: 8.0.46
	Default catalog/schema: techtezworkspace1/undefined
	Autocommit mode: undefined/unknown
	Isolation level: REPEATABLE_READ [default REPEATABLE_READ]
	JDBC fetch size: none
	Pool: DataSourceConnectionProvider
	Minimum pool size: undefined/unknown
	Maximum pool size: undefined/unknown
2026-06-29 18:10:24 INFO  [restartedMain] core - HHH000489: No JTA platform available (set 'hibernate.transaction.jta.platform' to enable JTA platform integration)
2026-06-29 18:10:24 INFO  [restartedMain] LocalContainerEntityManagerFactoryBean - Initialized JPA EntityManagerFactory for persistence unit 'default'
2026-06-29 18:10:24 INFO  [restartedMain] QueryEnhancerFactories - Hibernate is in classpath; If applicable, HQL parser will be used.
2026-06-29 18:10:24 WARN  [restartedMain] JpaBaseConfiguration$JpaWebConfiguration - spring.jpa.open-in-view is enabled by default. Therefore, database queries may be performed during view rendering. Explicitly configure spring.jpa.open-in-view to disable this warning
2026-06-29 18:10:25 INFO  [restartedMain] Http11NioProtocol - Starting ProtocolHandler ["http-nio-4040"]
2026-06-29 18:10:25 INFO  [restartedMain] TomcatWebServer - Tomcat started on port 4040 (http) with context path '/EmployeeManagementAPI'
2026-06-29 18:10:25 INFO  [restartedMain] EmployeeManagementApiApplication - Started EmployeeManagementApiApplication in 6.703 seconds (process running for 7.707)
2026-06-29 18:11:46 INFO  [http-nio-4040-exec-1] [/EmployeeManagementAPI] - Initializing Spring DispatcherServlet 'dispatcherServlet'
2026-06-29 18:11:46 INFO  [http-nio-4040-exec-1] DispatcherServlet - Initializing Servlet 'dispatcherServlet'
2026-06-29 18:11:46 INFO  [http-nio-4040-exec-1] DispatcherServlet - Completed initialization in 2 ms
2026-06-29 18:11:47 ERROR [http-nio-4040-exec-1] EmployeeErrorHandler - IllegalArgumentException occurred at /EmployeeManagementAPI/employees/save : HV000030: No validator could be found for constraint 'jakarta.validation.constraints.NotBlank' validating type 'java.lang.Long'. Check configuration for 'mobile_no'
jakarta.validation.UnexpectedTypeException: HV000030: No validator could be found for constraint 'jakarta.validation.constraints.NotBlank' validating type 'java.lang.Long'. Check configuration for 'mobile_no'
	at org.hibernate.validator.internal.engine.constraintvalidation.ConstraintTree.getExceptionForNullValidator(ConstraintTree.java:99)
	at org.hibernate.validator.internal.engine.constraintvalidation.ConstraintTree.getInitializedConstraintValidator(ConstraintTree.java:145)
	at org.hibernate.validator.internal.engine.constraintvalidation.SimpleConstraintTree.doValidateConstraints(SimpleConstraintTree.java:83)
	at org.hibernate.validator.internal.engine.constraintvalidation.SimpleConstraintTree.validateConstraints(SimpleConstraintTree.java:40)
	at org.hibernate.validator.internal.metadata.core.MetaConstraint.doValidateConstraint(MetaConstraint.java:132)
	at org.hibernate.validator.internal.metadata.core.MetaConstraint.validateConstraint(MetaConstraint.java:124)
	at org.hibernate.validator.internal.engine.ValidatorImpl.validateMetaConstraint(ValidatorImpl.java:602)
	at org.hibernate.validator.internal.engine.ValidatorImpl.validateConstraintsForSingleDefaultGroupElement(ValidatorImpl.java:546)
	at org.hibernate.validator.internal.engine.ValidatorImpl.validateConstraintsForDefaultGroup(ValidatorImpl.java:512)
	at org.hibernate.validator.internal.engine.ValidatorImpl.validateConstraintsForCurrentGroup(ValidatorImpl.java:448)
	at org.hibernate.validator.internal.engine.ValidatorImpl.validateInContext(ValidatorImpl.java:398)
	at org.hibernate.validator.internal.engine.ValidatorImpl.validate(ValidatorImpl.java:170)
	at org.springframework.validation.beanvalidation.SpringValidatorAdapter.validate(SpringValidatorAdapter.java:103)
	at org.springframework.boot.validation.autoconfigure.ValidatorAdapter.validate(ValidatorAdapter.java:69)
	at org.springframework.validation.DataBinder.validate(DataBinder.java:1400)
	at org.springframework.web.servlet.mvc.method.annotation.AbstractMessageConverterMethodArgumentResolver.validateIfApplicable(AbstractMessageConverterMethodArgumentResolver.java:290)
	at org.springframework.web.servlet.mvc.method.annotation.RequestResponseBodyMethodProcessor.resolveArgument(RequestResponseBodyMethodProcessor.java:163)
	at org.springframework.web.method.support.HandlerMethodArgumentResolverComposite.resolveArgument(HandlerMethodArgumentResolverComposite.java:122)
	at org.springframework.web.method.support.InvocableHandlerMethod.getMethodArgumentValues(InvocableHandlerMethod.java:224)
	at org.springframework.web.method.support.InvocableHandlerMethod.invokeForRequest(InvocableHandlerMethod.java:174)
	at org.springframework.web.servlet.mvc.method.annotation.ServletInvocableHandlerMethod.invokeAndHandle(ServletInvocableHandlerMethod.java:117)
	at org.springframework.web.servlet.mvc.method.annotation.RequestMappingHandlerAdapter.invokeHandlerMethod(RequestMappingHandlerAdapter.java:934)
	at org.springframework.web.servlet.mvc.method.annotation.RequestMappingHandlerAdapter.handleInternal(RequestMappingHandlerAdapter.java:853)
	at org.springframework.web.servlet.mvc.method.AbstractHandlerMethodAdapter.handle(AbstractHandlerMethodAdapter.java:86)
	at org.springframework.web.servlet.DispatcherServlet.doDispatch(DispatcherServlet.java:963)
	at org.springframework.web.servlet.DispatcherServlet.doService(DispatcherServlet.java:866)
	at org.springframework.web.servlet.FrameworkServlet.processRequest(FrameworkServlet.java:1000)
	at org.springframework.web.servlet.FrameworkServlet.doPost(FrameworkServlet.java:903)
	at jakarta.servlet.http.HttpServlet.service(HttpServlet.java:649)
	at org.springframework.web.servlet.FrameworkServlet.service(FrameworkServlet.java:874)
	at jakarta.servlet.http.HttpServlet.service(HttpServlet.java:710)
	at org.apache.catalina.core.ApplicationFilterChain.doFilter(ApplicationFilterChain.java:128)
	at org.apache.tomcat.websocket.server.WsFilter.doFilter(WsFilter.java:53)
	at org.apache.catalina.core.ApplicationFilterChain.doFilter(ApplicationFilterChain.java:107)
	at org.springframework.web.filter.RequestContextFilter.doFilterInternal(RequestContextFilter.java:100)
	at org.springframework.web.filter.OncePerRequestFilter.doFilter(OncePerRequestFilter.java:116)
	at org.apache.catalina.core.ApplicationFilterChain.doFilter(ApplicationFilterChain.java:107)
	at org.springframework.web.filter.FormContentFilter.doFilterInternal(FormContentFilter.java:93)
	at org.springframework.web.filter.OncePerRequestFilter.doFilter(OncePerRequestFilter.java:116)
	at org.apache.catalina.core.ApplicationFilterChain.doFilter(ApplicationFilterChain.java:107)
	at org.springframework.web.filter.CharacterEncodingFilter.doFilterInternal(CharacterEncodingFilter.java:199)
	at org.springframework.web.filter.OncePerRequestFilter.doFilter(OncePerRequestFilter.java:116)
	at org.apache.catalina.core.ApplicationFilterChain.doFilter(ApplicationFilterChain.java:107)
	at org.apache.catalina.core.StandardWrapperValve.invoke(StandardWrapperValve.java:165)
	at org.apache.catalina.core.StandardContextValve.invoke(StandardContextValve.java:77)
	at org.apache.catalina.authenticator.AuthenticatorBase.invoke(AuthenticatorBase.java:492)
	at org.apache.catalina.core.StandardHostValve.invoke(StandardHostValve.java:113)
	at org.apache.catalina.valves.ErrorReportValve.invoke(ErrorReportValve.java:83)
	at org.apache.catalina.core.StandardEngineValve.invoke(StandardEngineValve.java:72)
	at org.apache.catalina.connector.CoyoteAdapter.service(CoyoteAdapter.java:341)
	at org.apache.coyote.http11.Http11Processor.service(Http11Processor.java:397)
	at org.apache.coyote.AbstractProcessorLight.process(AbstractProcessorLight.java:63)
	at org.apache.coyote.AbstractProtocol$ConnectionHandler.process(AbstractProtocol.java:1272)
	at org.apache.tomcat.util.net.NioEndpoint$SocketProcessor.doRun(NioEndpoint.java:1801)
	at org.apache.tomcat.util.net.SocketProcessorBase.run(SocketProcessorBase.java:52)
	at org.apache.tomcat.util.threads.ThreadPoolExecutor.runWorker(ThreadPoolExecutor.java:946)
	at org.apache.tomcat.util.threads.ThreadPoolExecutor$Worker.run(ThreadPoolExecutor.java:480)
	at org.apache.tomcat.util.threads.TaskThread$WrappingRunnable.run(TaskThread.java:57)
	at java.base/java.lang.Thread.run(Thread.java:1583)
2026-06-29 18:11:47 WARN  [http-nio-4040-exec-1] ExceptionHandlerExceptionResolver - Resolved [jakarta.validation.UnexpectedTypeException: HV000030: No validator could be found for constraint 'jakarta.validation.constraints.NotBlank' validating type 'java.lang.Long'. Check configuration for 'mobile_no']
2026-06-29 18:14:22 INFO  [File Watcher] LocalDevToolsAutoConfiguration$RestartingClassPathChangeChangedEventListener - Restarting due to 1 class path change (0 additions, 0 deletions, 1 modification)
2026-06-29 18:14:22 INFO  [Thread-1] GracefulShutdown - Commencing graceful shutdown. Waiting for active requests to complete
2026-06-29 18:14:22 INFO  [tomcat-shutdown] Http11NioProtocol - Pausing ProtocolHandler ["http-nio-4040"]
2026-06-29 18:14:22 INFO  [tomcat-shutdown] GracefulShutdown - Graceful shutdown complete
2026-06-29 18:14:22 INFO  [Thread-1] Http11NioProtocol - Stopping ProtocolHandler ["http-nio-4040"]
2026-06-29 18:14:22 INFO  [Thread-1] LocalContainerEntityManagerFactoryBean - Closing JPA EntityManagerFactory for persistence unit 'default'
2026-06-29 18:14:22 INFO  [Thread-1] HikariDataSource - HikariPool-1 - Shutdown initiated...
2026-06-29 18:14:22 INFO  [Thread-1] HikariDataSource - HikariPool-1 - Shutdown completed.
2026-06-29 18:14:23 INFO  [restartedMain] EmployeeManagementApiApplication - Starting EmployeeManagementApiApplication using Java 21.0.11 with PID 23948 (C:\Users\Techtezllp\eclipse-workspace1\EmployeeManagementAPI\target\classes started by Techtezllp in C:\Users\Techtezllp\eclipse-workspace1\EmployeeManagementAPI)
2026-06-29 18:14:23 INFO  [restartedMain] EmployeeManagementApiApplication - No active profile set, falling back to 1 default profile: "default"
2026-06-29 18:14:23 INFO  [restartedMain] RepositoryConfigurationDelegate - Bootstrapping Spring Data JPA repositories in DEFAULT mode.
2026-06-29 18:14:23 INFO  [restartedMain] RepositoryConfigurationDelegate - Finished Spring Data repository scanning in 20 ms. Found 1 JPA repository interface.
2026-06-29 18:14:23 INFO  [restartedMain] TomcatWebServer - Tomcat initialized with port 4040 (http)
2026-06-29 18:14:23 INFO  [restartedMain] Http11NioProtocol - Initializing ProtocolHandler ["http-nio-4040"]
2026-06-29 18:14:23 INFO  [restartedMain] StandardService - Starting service [Tomcat]
2026-06-29 18:14:23 INFO  [restartedMain] StandardEngine - Starting Servlet engine: [Apache Tomcat/11.0.22]
2026-06-29 18:14:24 INFO  [restartedMain] WebApplicationContextInitializer - Root WebApplicationContext: initialization completed in 797 ms
2026-06-29 18:14:24 INFO  [restartedMain] jpa - HHH008540: Processing PersistenceUnitInfo [name: default]
2026-06-29 18:14:24 INFO  [restartedMain] SpringPersistenceUnitInfo - No LoadTimeWeaver setup: ignoring JPA class transformer
2026-06-29 18:14:24 WARN  [restartedMain] HikariConfig - HikariPool-2 - keepaliveTime is less than 30000ms, disabling it.
2026-06-29 18:14:24 INFO  [restartedMain] HikariDataSource - HikariPool-2 - Starting...
2026-06-29 18:14:24 INFO  [restartedMain] HikariPool - HikariPool-2 - Added connection com.mysql.cj.jdbc.ConnectionImpl@75478d0c
2026-06-29 18:14:24 INFO  [restartedMain] HikariDataSource - HikariPool-2 - Start completed.
2026-06-29 18:14:24 INFO  [restartedMain] pooling - HHH10001005: Database info:
	Database JDBC URL [jdbc:mysql:///techtezworkspace1]
	Database driver: MySQL Connector/J
	Database dialect: MySQLDialect
	Database version: 8.0.46
	Default catalog/schema: techtezworkspace1/undefined
	Autocommit mode: undefined/unknown
	Isolation level: REPEATABLE_READ [default REPEATABLE_READ]
	JDBC fetch size: none
	Pool: DataSourceConnectionProvider
	Minimum pool size: undefined/unknown
	Maximum pool size: undefined/unknown
2026-06-29 18:14:24 INFO  [restartedMain] core - HHH000489: No JTA platform available (set 'hibernate.transaction.jta.platform' to enable JTA platform integration)
2026-06-29 18:14:24 INFO  [restartedMain] LocalContainerEntityManagerFactoryBean - Initialized JPA EntityManagerFactory for persistence unit 'default'
2026-06-29 18:14:24 WARN  [restartedMain] JpaBaseConfiguration$JpaWebConfiguration - spring.jpa.open-in-view is enabled by default. Therefore, database queries may be performed during view rendering. Explicitly configure spring.jpa.open-in-view to disable this warning
2026-06-29 18:14:24 INFO  [restartedMain] Http11NioProtocol - Starting ProtocolHandler ["http-nio-4040"]
2026-06-29 18:14:24 INFO  [restartedMain] TomcatWebServer - Tomcat started on port 4040 (http) with context path '/EmployeeManagementAPI'
2026-06-29 18:14:24 INFO  [restartedMain] EmployeeManagementApiApplication - Started EmployeeManagementApiApplication in 1.583 seconds (process running for 246.954)
2026-06-29 18:14:24 INFO  [restartedMain] ConditionEvaluationDeltaLoggingListener - Condition evaluation unchanged
2026-06-29 18:15:56 INFO  [restartedMain] EmployeeManagementApiApplication - Starting EmployeeManagementApiApplication using Java 21.0.11 with PID 20120 (C:\Users\Techtezllp\eclipse-workspace1\EmployeeManagementAPI\target\classes started by Techtezllp in C:\Users\Techtezllp\eclipse-workspace1\EmployeeManagementAPI)
2026-06-29 18:15:56 INFO  [restartedMain] EmployeeManagementApiApplication - No active profile set, falling back to 1 default profile: "default"
2026-06-29 18:15:56 INFO  [restartedMain] DevToolsPropertyDefaultsPostProcessor - Devtools property defaults active! Set 'spring.devtools.add-properties' to 'false' to disable
2026-06-29 18:15:56 INFO  [restartedMain] DevToolsPropertyDefaultsPostProcessor - For additional web related logging consider setting the 'logging.level.web' property to 'DEBUG'
2026-06-29 18:15:57 INFO  [background-preinit] Version - HV000001: Hibernate Validator 9.1.0.Final
2026-06-29 18:15:57 INFO  [restartedMain] RepositoryConfigurationDelegate - Bootstrapping Spring Data JPA repositories in DEFAULT mode.
2026-06-29 18:15:57 INFO  [restartedMain] RepositoryConfigurationDelegate - Finished Spring Data repository scanning in 67 ms. Found 1 JPA repository interface.
2026-06-29 18:15:58 INFO  [restartedMain] TomcatWebServer - Tomcat initialized with port 4040 (http)
2026-06-29 18:15:58 INFO  [restartedMain] Http11NioProtocol - Initializing ProtocolHandler ["http-nio-4040"]
2026-06-29 18:15:58 INFO  [restartedMain] StandardService - Starting service [Tomcat]
2026-06-29 18:15:58 INFO  [restartedMain] StandardEngine - Starting Servlet engine: [Apache Tomcat/11.0.22]
2026-06-29 18:15:58 INFO  [restartedMain] WebApplicationContextInitializer - Root WebApplicationContext: initialization completed in 1932 ms
2026-06-29 18:15:59 INFO  [restartedMain] jpa - HHH008540: Processing PersistenceUnitInfo [name: default]
2026-06-29 18:15:59 INFO  [restartedMain] core - HHH000001: Hibernate ORM core version 7.4.1.Final
2026-06-29 18:15:59 INFO  [restartedMain] SpringPersistenceUnitInfo - No LoadTimeWeaver setup: ignoring JPA class transformer
2026-06-29 18:15:59 WARN  [restartedMain] HikariConfig - HikariPool-1 - keepaliveTime is less than 30000ms, disabling it.
2026-06-29 18:15:59 INFO  [restartedMain] HikariDataSource - HikariPool-1 - Starting...
2026-06-29 18:16:00 INFO  [restartedMain] HikariPool - HikariPool-1 - Added connection com.mysql.cj.jdbc.ConnectionImpl@4aa78991
2026-06-29 18:16:00 INFO  [restartedMain] HikariDataSource - HikariPool-1 - Start completed.
2026-06-29 18:16:00 INFO  [restartedMain] pooling - HHH10001005: Database info:
	Database JDBC URL [jdbc:mysql:///techtezworkspace1]
	Database driver: MySQL Connector/J
	Database dialect: MySQLDialect
	Database version: 8.0.46
	Default catalog/schema: techtezworkspace1/undefined
	Autocommit mode: undefined/unknown
	Isolation level: REPEATABLE_READ [default REPEATABLE_READ]
	JDBC fetch size: none
	Pool: DataSourceConnectionProvider
	Minimum pool size: undefined/unknown
	Maximum pool size: undefined/unknown
2026-06-29 18:16:01 INFO  [restartedMain] core - HHH000489: No JTA platform available (set 'hibernate.transaction.jta.platform' to enable JTA platform integration)
2026-06-29 18:16:01 INFO  [restartedMain] LocalContainerEntityManagerFactoryBean - Initialized JPA EntityManagerFactory for persistence unit 'default'
2026-06-29 18:16:01 INFO  [restartedMain] QueryEnhancerFactories - Hibernate is in classpath; If applicable, HQL parser will be used.
2026-06-29 18:16:01 WARN  [restartedMain] JpaBaseConfiguration$JpaWebConfiguration - spring.jpa.open-in-view is enabled by default. Therefore, database queries may be performed during view rendering. Explicitly configure spring.jpa.open-in-view to disable this warning
2026-06-29 18:16:02 INFO  [restartedMain] Http11NioProtocol - Starting ProtocolHandler ["http-nio-4040"]
2026-06-29 18:16:02 INFO  [restartedMain] TomcatWebServer - Tomcat started on port 4040 (http) with context path '/EmployeeManagementAPI'
2026-06-29 18:16:02 INFO  [restartedMain] EmployeeManagementApiApplication - Started EmployeeManagementApiApplication in 5.95 seconds (process running for 6.84)
2026-06-29 18:16:09 INFO  [http-nio-4040-exec-1] [/EmployeeManagementAPI] - Initializing Spring DispatcherServlet 'dispatcherServlet'
2026-06-29 18:16:09 INFO  [http-nio-4040-exec-1] DispatcherServlet - Initializing Servlet 'dispatcherServlet'
2026-06-29 18:16:09 INFO  [http-nio-4040-exec-1] DispatcherServlet - Completed initialization in 3 ms
2026-06-29 18:16:09 ERROR [http-nio-4040-exec-1] EmployeeErrorHandler - IllegalArgumentException occurred at /EmployeeManagementAPI/employees/save : HV000030: No validator could be found for constraint 'jakarta.validation.constraints.Pattern' validating type 'java.lang.Long'. Check configuration for 'mobile_no'
jakarta.validation.UnexpectedTypeException: HV000030: No validator could be found for constraint 'jakarta.validation.constraints.Pattern' validating type 'java.lang.Long'. Check configuration for 'mobile_no'
	at org.hibernate.validator.internal.engine.constraintvalidation.ConstraintTree.getExceptionForNullValidator(ConstraintTree.java:99)
	at org.hibernate.validator.internal.engine.constraintvalidation.ConstraintTree.getInitializedConstraintValidator(ConstraintTree.java:145)
	at org.hibernate.validator.internal.engine.constraintvalidation.SimpleConstraintTree.doValidateConstraints(SimpleConstraintTree.java:83)
	at org.hibernate.validator.internal.engine.constraintvalidation.SimpleConstraintTree.validateConstraints(SimpleConstraintTree.java:40)
	at org.hibernate.validator.internal.metadata.core.MetaConstraint.doValidateConstraint(MetaConstraint.java:132)
	at org.hibernate.validator.internal.metadata.core.MetaConstraint.validateConstraint(MetaConstraint.java:124)
	at org.hibernate.validator.internal.engine.ValidatorImpl.validateMetaConstraint(ValidatorImpl.java:602)
	at org.hibernate.validator.internal.engine.ValidatorImpl.validateConstraintsForSingleDefaultGroupElement(ValidatorImpl.java:546)
	at org.hibernate.validator.internal.engine.ValidatorImpl.validateConstraintsForDefaultGroup(ValidatorImpl.java:512)
	at org.hibernate.validator.internal.engine.ValidatorImpl.validateConstraintsForCurrentGroup(ValidatorImpl.java:448)
	at org.hibernate.validator.internal.engine.ValidatorImpl.validateInContext(ValidatorImpl.java:398)
	at org.hibernate.validator.internal.engine.ValidatorImpl.validate(ValidatorImpl.java:170)
	at org.springframework.validation.beanvalidation.SpringValidatorAdapter.validate(SpringValidatorAdapter.java:103)
	at org.springframework.boot.validation.autoconfigure.ValidatorAdapter.validate(ValidatorAdapter.java:69)
	at org.springframework.validation.DataBinder.validate(DataBinder.java:1400)
	at org.springframework.web.servlet.mvc.method.annotation.AbstractMessageConverterMethodArgumentResolver.validateIfApplicable(AbstractMessageConverterMethodArgumentResolver.java:290)
	at org.springframework.web.servlet.mvc.method.annotation.RequestResponseBodyMethodProcessor.resolveArgument(RequestResponseBodyMethodProcessor.java:163)
	at org.springframework.web.method.support.HandlerMethodArgumentResolverComposite.resolveArgument(HandlerMethodArgumentResolverComposite.java:122)
	at org.springframework.web.method.support.InvocableHandlerMethod.getMethodArgumentValues(InvocableHandlerMethod.java:224)
	at org.springframework.web.method.support.InvocableHandlerMethod.invokeForRequest(InvocableHandlerMethod.java:174)
	at org.springframework.web.servlet.mvc.method.annotation.ServletInvocableHandlerMethod.invokeAndHandle(ServletInvocableHandlerMethod.java:117)
	at org.springframework.web.servlet.mvc.method.annotation.RequestMappingHandlerAdapter.invokeHandlerMethod(RequestMappingHandlerAdapter.java:934)
	at org.springframework.web.servlet.mvc.method.annotation.RequestMappingHandlerAdapter.handleInternal(RequestMappingHandlerAdapter.java:853)
	at org.springframework.web.servlet.mvc.method.AbstractHandlerMethodAdapter.handle(AbstractHandlerMethodAdapter.java:86)
	at org.springframework.web.servlet.DispatcherServlet.doDispatch(DispatcherServlet.java:963)
	at org.springframework.web.servlet.DispatcherServlet.doService(DispatcherServlet.java:866)
	at org.springframework.web.servlet.FrameworkServlet.processRequest(FrameworkServlet.java:1000)
	at org.springframework.web.servlet.FrameworkServlet.doPost(FrameworkServlet.java:903)
	at jakarta.servlet.http.HttpServlet.service(HttpServlet.java:649)
	at org.springframework.web.servlet.FrameworkServlet.service(FrameworkServlet.java:874)
	at jakarta.servlet.http.HttpServlet.service(HttpServlet.java:710)
	at org.apache.catalina.core.ApplicationFilterChain.doFilter(ApplicationFilterChain.java:128)
	at org.apache.tomcat.websocket.server.WsFilter.doFilter(WsFilter.java:53)
	at org.apache.catalina.core.ApplicationFilterChain.doFilter(ApplicationFilterChain.java:107)
	at org.springframework.web.filter.RequestContextFilter.doFilterInternal(RequestContextFilter.java:100)
	at org.springframework.web.filter.OncePerRequestFilter.doFilter(OncePerRequestFilter.java:116)
	at org.apache.catalina.core.ApplicationFilterChain.doFilter(ApplicationFilterChain.java:107)
	at org.springframework.web.filter.FormContentFilter.doFilterInternal(FormContentFilter.java:93)
	at org.springframework.web.filter.OncePerRequestFilter.doFilter(OncePerRequestFilter.java:116)
	at org.apache.catalina.core.ApplicationFilterChain.doFilter(ApplicationFilterChain.java:107)
	at org.springframework.web.filter.CharacterEncodingFilter.doFilterInternal(CharacterEncodingFilter.java:199)
	at org.springframework.web.filter.OncePerRequestFilter.doFilter(OncePerRequestFilter.java:116)
	at org.apache.catalina.core.ApplicationFilterChain.doFilter(ApplicationFilterChain.java:107)
	at org.apache.catalina.core.StandardWrapperValve.invoke(StandardWrapperValve.java:165)
	at org.apache.catalina.core.StandardContextValve.invoke(StandardContextValve.java:77)
	at org.apache.catalina.authenticator.AuthenticatorBase.invoke(AuthenticatorBase.java:492)
	at org.apache.catalina.core.StandardHostValve.invoke(StandardHostValve.java:113)
	at org.apache.catalina.valves.ErrorReportValve.invoke(ErrorReportValve.java:83)
	at org.apache.catalina.core.StandardEngineValve.invoke(StandardEngineValve.java:72)
	at org.apache.catalina.connector.CoyoteAdapter.service(CoyoteAdapter.java:341)
	at org.apache.coyote.http11.Http11Processor.service(Http11Processor.java:397)
	at org.apache.coyote.AbstractProcessorLight.process(AbstractProcessorLight.java:63)
	at org.apache.coyote.AbstractProtocol$ConnectionHandler.process(AbstractProtocol.java:1272)
	at org.apache.tomcat.util.net.NioEndpoint$SocketProcessor.doRun(NioEndpoint.java:1801)
	at org.apache.tomcat.util.net.SocketProcessorBase.run(SocketProcessorBase.java:52)
	at org.apache.tomcat.util.threads.ThreadPoolExecutor.runWorker(ThreadPoolExecutor.java:946)
	at org.apache.tomcat.util.threads.ThreadPoolExecutor$Worker.run(ThreadPoolExecutor.java:480)
	at org.apache.tomcat.util.threads.TaskThread$WrappingRunnable.run(TaskThread.java:57)
	at java.base/java.lang.Thread.run(Thread.java:1583)
2026-06-29 18:16:10 WARN  [http-nio-4040-exec-1] ExceptionHandlerExceptionResolver - Resolved [jakarta.validation.UnexpectedTypeException: HV000030: No validator could be found for constraint 'jakarta.validation.constraints.Pattern' validating type 'java.lang.Long'. Check configuration for 'mobile_no']
2026-06-29 18:18:49 INFO  [File Watcher] LocalDevToolsAutoConfiguration$RestartingClassPathChangeChangedEventListener - Restarting due to 1 class path change (0 additions, 0 deletions, 1 modification)
2026-06-29 18:18:49 INFO  [Thread-1] GracefulShutdown - Commencing graceful shutdown. Waiting for active requests to complete
2026-06-29 18:18:49 INFO  [tomcat-shutdown] Http11NioProtocol - Pausing ProtocolHandler ["http-nio-4040"]
2026-06-29 18:18:49 INFO  [tomcat-shutdown] GracefulShutdown - Graceful shutdown complete
2026-06-29 18:18:49 INFO  [Thread-1] Http11NioProtocol - Stopping ProtocolHandler ["http-nio-4040"]
2026-06-29 18:18:49 INFO  [Thread-1] LocalContainerEntityManagerFactoryBean - Closing JPA EntityManagerFactory for persistence unit 'default'
2026-06-29 18:18:49 INFO  [Thread-1] HikariDataSource - HikariPool-1 - Shutdown initiated...
2026-06-29 18:18:49 INFO  [Thread-1] HikariDataSource - HikariPool-1 - Shutdown completed.
2026-06-29 18:18:49 INFO  [restartedMain] EmployeeManagementApiApplication - Starting EmployeeManagementApiApplication using Java 21.0.11 with PID 20120 (C:\Users\Techtezllp\eclipse-workspace1\EmployeeManagementAPI\target\classes started by Techtezllp in C:\Users\Techtezllp\eclipse-workspace1\EmployeeManagementAPI)
2026-06-29 18:18:49 INFO  [restartedMain] EmployeeManagementApiApplication - No active profile set, falling back to 1 default profile: "default"
2026-06-29 18:18:49 INFO  [restartedMain] RepositoryConfigurationDelegate - Bootstrapping Spring Data JPA repositories in DEFAULT mode.
2026-06-29 18:18:49 INFO  [restartedMain] RepositoryConfigurationDelegate - Finished Spring Data repository scanning in 24 ms. Found 1 JPA repository interface.
2026-06-29 18:18:50 INFO  [restartedMain] TomcatWebServer - Tomcat initialized with port 4040 (http)
2026-06-29 18:18:50 INFO  [restartedMain] Http11NioProtocol - Initializing ProtocolHandler ["http-nio-4040"]
2026-06-29 18:18:50 INFO  [restartedMain] StandardService - Starting service [Tomcat]
2026-06-29 18:18:50 INFO  [restartedMain] StandardEngine - Starting Servlet engine: [Apache Tomcat/11.0.22]
2026-06-29 18:18:50 INFO  [restartedMain] WebApplicationContextInitializer - Root WebApplicationContext: initialization completed in 481 ms
2026-06-29 18:18:50 INFO  [restartedMain] jpa - HHH008540: Processing PersistenceUnitInfo [name: default]
2026-06-29 18:18:50 INFO  [restartedMain] SpringPersistenceUnitInfo - No LoadTimeWeaver setup: ignoring JPA class transformer
2026-06-29 18:18:50 WARN  [restartedMain] HikariConfig - HikariPool-2 - keepaliveTime is less than 30000ms, disabling it.
2026-06-29 18:18:50 INFO  [restartedMain] HikariDataSource - HikariPool-2 - Starting...
2026-06-29 18:18:50 INFO  [restartedMain] HikariPool - HikariPool-2 - Added connection com.mysql.cj.jdbc.ConnectionImpl@4007145d
2026-06-29 18:18:50 INFO  [restartedMain] HikariDataSource - HikariPool-2 - Start completed.
2026-06-29 18:18:50 INFO  [restartedMain] pooling - HHH10001005: Database info:
	Database JDBC URL [jdbc:mysql:///techtezworkspace1]
	Database driver: MySQL Connector/J
	Database dialect: MySQLDialect
	Database version: 8.0.46
	Default catalog/schema: techtezworkspace1/undefined
	Autocommit mode: undefined/unknown
	Isolation level: REPEATABLE_READ [default REPEATABLE_READ]
	JDBC fetch size: none
	Pool: DataSourceConnectionProvider
	Minimum pool size: undefined/unknown
	Maximum pool size: undefined/unknown
2026-06-29 18:18:50 INFO  [restartedMain] core - HHH000489: No JTA platform available (set 'hibernate.transaction.jta.platform' to enable JTA platform integration)
2026-06-29 18:18:50 INFO  [restartedMain] LocalContainerEntityManagerFactoryBean - Initialized JPA EntityManagerFactory for persistence unit 'default'
2026-06-29 18:18:50 WARN  [restartedMain] JpaBaseConfiguration$JpaWebConfiguration - spring.jpa.open-in-view is enabled by default. Therefore, database queries may be performed during view rendering. Explicitly configure spring.jpa.open-in-view to disable this warning
2026-06-29 18:18:50 INFO  [restartedMain] Http11NioProtocol - Starting ProtocolHandler ["http-nio-4040"]
2026-06-29 18:18:50 INFO  [restartedMain] TomcatWebServer - Tomcat started on port 4040 (http) with context path '/EmployeeManagementAPI'
2026-06-29 18:18:50 INFO  [restartedMain] EmployeeManagementApiApplication - Started EmployeeManagementApiApplication in 1.06 seconds (process running for 175.226)
2026-06-29 18:18:50 INFO  [restartedMain] ConditionEvaluationDeltaLoggingListener - Condition evaluation unchanged
2026-06-29 18:21:42 INFO  [restartedMain] EmployeeManagementApiApplication - Starting EmployeeManagementApiApplication using Java 21.0.11 with PID 20584 (C:\Users\Techtezllp\eclipse-workspace1\EmployeeManagementAPI\target\classes started by Techtezllp in C:\Users\Techtezllp\eclipse-workspace1\EmployeeManagementAPI)
2026-06-29 18:21:42 INFO  [restartedMain] EmployeeManagementApiApplication - No active profile set, falling back to 1 default profile: "default"
2026-06-29 18:21:42 INFO  [restartedMain] DevToolsPropertyDefaultsPostProcessor - Devtools property defaults active! Set 'spring.devtools.add-properties' to 'false' to disable
2026-06-29 18:21:42 INFO  [restartedMain] DevToolsPropertyDefaultsPostProcessor - For additional web related logging consider setting the 'logging.level.web' property to 'DEBUG'
2026-06-29 18:21:43 INFO  [background-preinit] Version - HV000001: Hibernate Validator 9.1.0.Final
2026-06-29 18:21:43 INFO  [restartedMain] RepositoryConfigurationDelegate - Bootstrapping Spring Data JPA repositories in DEFAULT mode.
2026-06-29 18:21:44 INFO  [restartedMain] RepositoryConfigurationDelegate - Finished Spring Data repository scanning in 93 ms. Found 1 JPA repository interface.
2026-06-29 18:21:44 INFO  [restartedMain] TomcatWebServer - Tomcat initialized with port 4040 (http)
2026-06-29 18:21:44 INFO  [restartedMain] Http11NioProtocol - Initializing ProtocolHandler ["http-nio-4040"]
2026-06-29 18:21:44 INFO  [restartedMain] StandardService - Starting service [Tomcat]
2026-06-29 18:21:44 INFO  [restartedMain] StandardEngine - Starting Servlet engine: [Apache Tomcat/11.0.22]
2026-06-29 18:21:44 INFO  [restartedMain] WebApplicationContextInitializer - Root WebApplicationContext: initialization completed in 2185 ms
2026-06-29 18:21:45 INFO  [restartedMain] jpa - HHH008540: Processing PersistenceUnitInfo [name: default]
2026-06-29 18:21:45 INFO  [restartedMain] core - HHH000001: Hibernate ORM core version 7.4.1.Final
2026-06-29 18:21:45 INFO  [restartedMain] SpringPersistenceUnitInfo - No LoadTimeWeaver setup: ignoring JPA class transformer
2026-06-29 18:21:45 WARN  [restartedMain] HikariConfig - HikariPool-1 - keepaliveTime is less than 30000ms, disabling it.
2026-06-29 18:21:45 INFO  [restartedMain] HikariDataSource - HikariPool-1 - Starting...
2026-06-29 18:21:46 INFO  [restartedMain] HikariPool - HikariPool-1 - Added connection com.mysql.cj.jdbc.ConnectionImpl@3890e7c
2026-06-29 18:21:46 INFO  [restartedMain] HikariDataSource - HikariPool-1 - Start completed.
2026-06-29 18:21:46 INFO  [restartedMain] pooling - HHH10001005: Database info:
	Database JDBC URL [jdbc:mysql:///techtezworkspace1]
	Database driver: MySQL Connector/J
	Database dialect: MySQLDialect
	Database version: 8.0.46
	Default catalog/schema: techtezworkspace1/undefined
	Autocommit mode: undefined/unknown
	Isolation level: REPEATABLE_READ [default REPEATABLE_READ]
	JDBC fetch size: none
	Pool: DataSourceConnectionProvider
	Minimum pool size: undefined/unknown
	Maximum pool size: undefined/unknown
2026-06-29 18:21:47 INFO  [restartedMain] core - HHH000489: No JTA platform available (set 'hibernate.transaction.jta.platform' to enable JTA platform integration)
2026-06-29 18:21:47 INFO  [restartedMain] LocalContainerEntityManagerFactoryBean - Initialized JPA EntityManagerFactory for persistence unit 'default'
2026-06-29 18:21:47 INFO  [restartedMain] QueryEnhancerFactories - Hibernate is in classpath; If applicable, HQL parser will be used.
2026-06-29 18:21:47 WARN  [restartedMain] JpaBaseConfiguration$JpaWebConfiguration - spring.jpa.open-in-view is enabled by default. Therefore, database queries may be performed during view rendering. Explicitly configure spring.jpa.open-in-view to disable this warning
2026-06-29 18:21:48 INFO  [restartedMain] Http11NioProtocol - Starting ProtocolHandler ["http-nio-4040"]
2026-06-29 18:21:48 WARN  [restartedMain] AnnotationConfigServletWebServerApplicationContext - Exception encountered during context initialization - cancelling refresh attempt: org.springframework.context.ApplicationContextException: Failed to start bean 'webServerStartStop'
2026-06-29 18:21:48 INFO  [restartedMain] LocalContainerEntityManagerFactoryBean - Closing JPA EntityManagerFactory for persistence unit 'default'
2026-06-29 18:21:48 INFO  [restartedMain] HikariDataSource - HikariPool-1 - Shutdown initiated...
2026-06-29 18:21:48 INFO  [restartedMain] HikariDataSource - HikariPool-1 - Shutdown completed.
2026-06-29 18:21:48 INFO  [restartedMain] ConditionEvaluationReportLogger - 

Error starting ApplicationContext. To display the condition evaluation report re-run your application with 'debug' enabled.
2026-06-29 18:21:48 ERROR [restartedMain] LoggingFailureAnalysisReporter - 

***************************
APPLICATION FAILED TO START
***************************

Description:

Web server failed to start. Port 4040 was already in use.

Action:

Identify and stop the process that's listening on port 4040 or configure this application to listen on another port.

2026-06-29 18:22:05 INFO  [restartedMain] EmployeeManagementApiApplication - Starting EmployeeManagementApiApplication using Java 21.0.11 with PID 21904 (C:\Users\Techtezllp\eclipse-workspace1\EmployeeManagementAPI\target\classes started by Techtezllp in C:\Users\Techtezllp\eclipse-workspace1\EmployeeManagementAPI)
2026-06-29 18:22:05 INFO  [restartedMain] EmployeeManagementApiApplication - No active profile set, falling back to 1 default profile: "default"
2026-06-29 18:22:05 INFO  [restartedMain] DevToolsPropertyDefaultsPostProcessor - Devtools property defaults active! Set 'spring.devtools.add-properties' to 'false' to disable
2026-06-29 18:22:05 INFO  [restartedMain] DevToolsPropertyDefaultsPostProcessor - For additional web related logging consider setting the 'logging.level.web' property to 'DEBUG'
2026-06-29 18:22:06 INFO  [background-preinit] Version - HV000001: Hibernate Validator 9.1.0.Final
2026-06-29 18:22:06 INFO  [restartedMain] RepositoryConfigurationDelegate - Bootstrapping Spring Data JPA repositories in DEFAULT mode.
2026-06-29 18:22:06 INFO  [restartedMain] RepositoryConfigurationDelegate - Finished Spring Data repository scanning in 70 ms. Found 1 JPA repository interface.
2026-06-29 18:22:07 INFO  [restartedMain] TomcatWebServer - Tomcat initialized with port 4040 (http)
2026-06-29 18:22:07 INFO  [restartedMain] Http11NioProtocol - Initializing ProtocolHandler ["http-nio-4040"]
2026-06-29 18:22:07 INFO  [restartedMain] StandardService - Starting service [Tomcat]
2026-06-29 18:22:07 INFO  [restartedMain] StandardEngine - Starting Servlet engine: [Apache Tomcat/11.0.22]
2026-06-29 18:22:07 INFO  [restartedMain] WebApplicationContextInitializer - Root WebApplicationContext: initialization completed in 1862 ms
2026-06-29 18:22:08 INFO  [restartedMain] jpa - HHH008540: Processing PersistenceUnitInfo [name: default]
2026-06-29 18:22:08 INFO  [restartedMain] core - HHH000001: Hibernate ORM core version 7.4.1.Final
2026-06-29 18:22:08 INFO  [restartedMain] SpringPersistenceUnitInfo - No LoadTimeWeaver setup: ignoring JPA class transformer
2026-06-29 18:22:08 WARN  [restartedMain] HikariConfig - HikariPool-1 - keepaliveTime is less than 30000ms, disabling it.
2026-06-29 18:22:08 INFO  [restartedMain] HikariDataSource - HikariPool-1 - Starting...
2026-06-29 18:22:09 INFO  [restartedMain] HikariPool - HikariPool-1 - Added connection com.mysql.cj.jdbc.ConnectionImpl@401155
2026-06-29 18:22:09 INFO  [restartedMain] HikariDataSource - HikariPool-1 - Start completed.
2026-06-29 18:22:09 INFO  [restartedMain] pooling - HHH10001005: Database info:
	Database JDBC URL [jdbc:mysql:///techtezworkspace1]
	Database driver: MySQL Connector/J
	Database dialect: MySQLDialect
	Database version: 8.0.46
	Default catalog/schema: techtezworkspace1/undefined
	Autocommit mode: undefined/unknown
	Isolation level: REPEATABLE_READ [default REPEATABLE_READ]
	JDBC fetch size: none
	Pool: DataSourceConnectionProvider
	Minimum pool size: undefined/unknown
	Maximum pool size: undefined/unknown
2026-06-29 18:22:10 INFO  [restartedMain] core - HHH000489: No JTA platform available (set 'hibernate.transaction.jta.platform' to enable JTA platform integration)
2026-06-29 18:22:10 INFO  [restartedMain] LocalContainerEntityManagerFactoryBean - Initialized JPA EntityManagerFactory for persistence unit 'default'
2026-06-29 18:22:10 INFO  [restartedMain] QueryEnhancerFactories - Hibernate is in classpath; If applicable, HQL parser will be used.
2026-06-29 18:22:10 WARN  [restartedMain] JpaBaseConfiguration$JpaWebConfiguration - spring.jpa.open-in-view is enabled by default. Therefore, database queries may be performed during view rendering. Explicitly configure spring.jpa.open-in-view to disable this warning
2026-06-29 18:22:11 INFO  [restartedMain] Http11NioProtocol - Starting ProtocolHandler ["http-nio-4040"]
2026-06-29 18:22:11 INFO  [restartedMain] TomcatWebServer - Tomcat started on port 4040 (http) with context path '/EmployeeManagementAPI'
2026-06-29 18:22:11 INFO  [restartedMain] EmployeeManagementApiApplication - Started EmployeeManagementApiApplication in 5.999 seconds (process running for 6.986)
2026-06-29 18:22:20 INFO  [http-nio-4040-exec-2] [/EmployeeManagementAPI] - Initializing Spring DispatcherServlet 'dispatcherServlet'
2026-06-29 18:22:20 INFO  [http-nio-4040-exec-2] DispatcherServlet - Initializing Servlet 'dispatcherServlet'
2026-06-29 18:22:20 INFO  [http-nio-4040-exec-2] DispatcherServlet - Completed initialization in 2 ms
2026-06-29 18:22:20 ERROR [http-nio-4040-exec-2] EmployeeErrorHandler - IllegalArgumentException occurred at /EmployeeManagementAPI/employees/save : HV000030: No validator could be found for constraint 'jakarta.validation.constraints.NotBlank' validating type 'java.lang.Long'. Check configuration for 'employeeCode'
jakarta.validation.UnexpectedTypeException: HV000030: No validator could be found for constraint 'jakarta.validation.constraints.NotBlank' validating type 'java.lang.Long'. Check configuration for 'employeeCode'
	at org.hibernate.validator.internal.engine.constraintvalidation.ConstraintTree.getExceptionForNullValidator(ConstraintTree.java:99)
	at org.hibernate.validator.internal.engine.constraintvalidation.ConstraintTree.getInitializedConstraintValidator(ConstraintTree.java:145)
	at org.hibernate.validator.internal.engine.constraintvalidation.SimpleConstraintTree.doValidateConstraints(SimpleConstraintTree.java:83)
	at org.hibernate.validator.internal.engine.constraintvalidation.SimpleConstraintTree.validateConstraints(SimpleConstraintTree.java:40)
	at org.hibernate.validator.internal.metadata.core.MetaConstraint.doValidateConstraint(MetaConstraint.java:132)
	at org.hibernate.validator.internal.metadata.core.MetaConstraint.validateConstraint(MetaConstraint.java:124)
	at org.hibernate.validator.internal.engine.ValidatorImpl.validateMetaConstraint(ValidatorImpl.java:602)
	at org.hibernate.validator.internal.engine.ValidatorImpl.validateConstraintsForSingleDefaultGroupElement(ValidatorImpl.java:546)
	at org.hibernate.validator.internal.engine.ValidatorImpl.validateConstraintsForDefaultGroup(ValidatorImpl.java:512)
	at org.hibernate.validator.internal.engine.ValidatorImpl.validateConstraintsForCurrentGroup(ValidatorImpl.java:448)
	at org.hibernate.validator.internal.engine.ValidatorImpl.validateInContext(ValidatorImpl.java:398)
	at org.hibernate.validator.internal.engine.ValidatorImpl.validate(ValidatorImpl.java:170)
	at org.springframework.validation.beanvalidation.SpringValidatorAdapter.validate(SpringValidatorAdapter.java:103)
	at org.springframework.boot.validation.autoconfigure.ValidatorAdapter.validate(ValidatorAdapter.java:69)
	at org.springframework.validation.DataBinder.validate(DataBinder.java:1400)
	at org.springframework.web.servlet.mvc.method.annotation.AbstractMessageConverterMethodArgumentResolver.validateIfApplicable(AbstractMessageConverterMethodArgumentResolver.java:290)
	at org.springframework.web.servlet.mvc.method.annotation.RequestResponseBodyMethodProcessor.resolveArgument(RequestResponseBodyMethodProcessor.java:163)
	at org.springframework.web.method.support.HandlerMethodArgumentResolverComposite.resolveArgument(HandlerMethodArgumentResolverComposite.java:122)
	at org.springframework.web.method.support.InvocableHandlerMethod.getMethodArgumentValues(InvocableHandlerMethod.java:224)
	at org.springframework.web.method.support.InvocableHandlerMethod.invokeForRequest(InvocableHandlerMethod.java:174)
	at org.springframework.web.servlet.mvc.method.annotation.ServletInvocableHandlerMethod.invokeAndHandle(ServletInvocableHandlerMethod.java:117)
	at org.springframework.web.servlet.mvc.method.annotation.RequestMappingHandlerAdapter.invokeHandlerMethod(RequestMappingHandlerAdapter.java:934)
	at org.springframework.web.servlet.mvc.method.annotation.RequestMappingHandlerAdapter.handleInternal(RequestMappingHandlerAdapter.java:853)
	at org.springframework.web.servlet.mvc.method.AbstractHandlerMethodAdapter.handle(AbstractHandlerMethodAdapter.java:86)
	at org.springframework.web.servlet.DispatcherServlet.doDispatch(DispatcherServlet.java:963)
	at org.springframework.web.servlet.DispatcherServlet.doService(DispatcherServlet.java:866)
	at org.springframework.web.servlet.FrameworkServlet.processRequest(FrameworkServlet.java:1000)
	at org.springframework.web.servlet.FrameworkServlet.doPost(FrameworkServlet.java:903)
	at jakarta.servlet.http.HttpServlet.service(HttpServlet.java:649)
	at org.springframework.web.servlet.FrameworkServlet.service(FrameworkServlet.java:874)
	at jakarta.servlet.http.HttpServlet.service(HttpServlet.java:710)
	at org.apache.catalina.core.ApplicationFilterChain.doFilter(ApplicationFilterChain.java:128)
	at org.apache.tomcat.websocket.server.WsFilter.doFilter(WsFilter.java:53)
	at org.apache.catalina.core.ApplicationFilterChain.doFilter(ApplicationFilterChain.java:107)
	at org.springframework.web.filter.RequestContextFilter.doFilterInternal(RequestContextFilter.java:100)
	at org.springframework.web.filter.OncePerRequestFilter.doFilter(OncePerRequestFilter.java:116)
	at org.apache.catalina.core.ApplicationFilterChain.doFilter(ApplicationFilterChain.java:107)
	at org.springframework.web.filter.FormContentFilter.doFilterInternal(FormContentFilter.java:93)
	at org.springframework.web.filter.OncePerRequestFilter.doFilter(OncePerRequestFilter.java:116)
	at org.apache.catalina.core.ApplicationFilterChain.doFilter(ApplicationFilterChain.java:107)
	at org.springframework.web.filter.CharacterEncodingFilter.doFilterInternal(CharacterEncodingFilter.java:199)
	at org.springframework.web.filter.OncePerRequestFilter.doFilter(OncePerRequestFilter.java:116)
	at org.apache.catalina.core.ApplicationFilterChain.doFilter(ApplicationFilterChain.java:107)
	at org.apache.catalina.core.StandardWrapperValve.invoke(StandardWrapperValve.java:165)
	at org.apache.catalina.core.StandardContextValve.invoke(StandardContextValve.java:77)
	at org.apache.catalina.authenticator.AuthenticatorBase.invoke(AuthenticatorBase.java:492)
	at org.apache.catalina.core.StandardHostValve.invoke(StandardHostValve.java:113)
	at org.apache.catalina.valves.ErrorReportValve.invoke(ErrorReportValve.java:83)
	at org.apache.catalina.core.StandardEngineValve.invoke(StandardEngineValve.java:72)
	at org.apache.catalina.connector.CoyoteAdapter.service(CoyoteAdapter.java:341)
	at org.apache.coyote.http11.Http11Processor.service(Http11Processor.java:397)
	at org.apache.coyote.AbstractProcessorLight.process(AbstractProcessorLight.java:63)
	at org.apache.coyote.AbstractProtocol$ConnectionHandler.process(AbstractProtocol.java:1272)
	at org.apache.tomcat.util.net.NioEndpoint$SocketProcessor.doRun(NioEndpoint.java:1801)
	at org.apache.tomcat.util.net.SocketProcessorBase.run(SocketProcessorBase.java:52)
	at org.apache.tomcat.util.threads.ThreadPoolExecutor.runWorker(ThreadPoolExecutor.java:946)
	at org.apache.tomcat.util.threads.ThreadPoolExecutor$Worker.run(ThreadPoolExecutor.java:480)
	at org.apache.tomcat.util.threads.TaskThread$WrappingRunnable.run(TaskThread.java:57)
	at java.base/java.lang.Thread.run(Thread.java:1583)
2026-06-29 18:22:20 WARN  [http-nio-4040-exec-2] ExceptionHandlerExceptionResolver - Resolved [jakarta.validation.UnexpectedTypeException: HV000030: No validator could be found for constraint 'jakarta.validation.constraints.NotBlank' validating type 'java.lang.Long'. Check configuration for 'employeeCode']
2026-06-29 18:26:04 INFO  [File Watcher] LocalDevToolsAutoConfiguration$RestartingClassPathChangeChangedEventListener - Restarting due to 1 class path change (0 additions, 0 deletions, 1 modification)
2026-06-29 18:26:04 INFO  [Thread-1] GracefulShutdown - Commencing graceful shutdown. Waiting for active requests to complete
2026-06-29 18:26:04 INFO  [tomcat-shutdown] Http11NioProtocol - Pausing ProtocolHandler ["http-nio-4040"]
2026-06-29 18:26:04 INFO  [tomcat-shutdown] GracefulShutdown - Graceful shutdown complete
2026-06-29 18:26:04 INFO  [Thread-1] Http11NioProtocol - Stopping ProtocolHandler ["http-nio-4040"]
2026-06-29 18:26:04 INFO  [Thread-1] LocalContainerEntityManagerFactoryBean - Closing JPA EntityManagerFactory for persistence unit 'default'
2026-06-29 18:26:04 INFO  [Thread-1] HikariDataSource - HikariPool-1 - Shutdown initiated...
2026-06-29 18:26:04 INFO  [Thread-1] HikariDataSource - HikariPool-1 - Shutdown completed.
2026-06-29 18:26:05 INFO  [restartedMain] EmployeeManagementApiApplication - Starting EmployeeManagementApiApplication using Java 21.0.11 with PID 21904 (C:\Users\Techtezllp\eclipse-workspace1\EmployeeManagementAPI\target\classes started by Techtezllp in C:\Users\Techtezllp\eclipse-workspace1\EmployeeManagementAPI)
2026-06-29 18:26:05 INFO  [restartedMain] EmployeeManagementApiApplication - No active profile set, falling back to 1 default profile: "default"
2026-06-29 18:26:05 INFO  [restartedMain] RepositoryConfigurationDelegate - Bootstrapping Spring Data JPA repositories in DEFAULT mode.
2026-06-29 18:26:05 INFO  [restartedMain] RepositoryConfigurationDelegate - Finished Spring Data repository scanning in 36 ms. Found 1 JPA repository interface.
2026-06-29 18:26:06 INFO  [restartedMain] TomcatWebServer - Tomcat initialized with port 4040 (http)
2026-06-29 18:26:06 INFO  [restartedMain] Http11NioProtocol - Initializing ProtocolHandler ["http-nio-4040"]
2026-06-29 18:26:06 INFO  [restartedMain] StandardService - Starting service [Tomcat]
2026-06-29 18:26:06 INFO  [restartedMain] StandardEngine - Starting Servlet engine: [Apache Tomcat/11.0.22]
2026-06-29 18:26:06 INFO  [restartedMain] WebApplicationContextInitializer - Root WebApplicationContext: initialization completed in 989 ms
2026-06-29 18:26:06 INFO  [restartedMain] jpa - HHH008540: Processing PersistenceUnitInfo [name: default]
2026-06-29 18:26:06 INFO  [restartedMain] SpringPersistenceUnitInfo - No LoadTimeWeaver setup: ignoring JPA class transformer
2026-06-29 18:26:06 WARN  [restartedMain] HikariConfig - HikariPool-2 - keepaliveTime is less than 30000ms, disabling it.
2026-06-29 18:26:06 INFO  [restartedMain] HikariDataSource - HikariPool-2 - Starting...
2026-06-29 18:26:06 INFO  [restartedMain] HikariPool - HikariPool-2 - Added connection com.mysql.cj.jdbc.ConnectionImpl@3139647d
2026-06-29 18:26:06 INFO  [restartedMain] HikariDataSource - HikariPool-2 - Start completed.
2026-06-29 18:26:06 INFO  [restartedMain] pooling - HHH10001005: Database info:
	Database JDBC URL [jdbc:mysql:///techtezworkspace1]
	Database driver: MySQL Connector/J
	Database dialect: MySQLDialect
	Database version: 8.0.46
	Default catalog/schema: techtezworkspace1/undefined
	Autocommit mode: undefined/unknown
	Isolation level: REPEATABLE_READ [default REPEATABLE_READ]
	JDBC fetch size: none
	Pool: DataSourceConnectionProvider
	Minimum pool size: undefined/unknown
	Maximum pool size: undefined/unknown
2026-06-29 18:26:06 INFO  [restartedMain] core - HHH000489: No JTA platform available (set 'hibernate.transaction.jta.platform' to enable JTA platform integration)
2026-06-29 18:26:07 INFO  [restartedMain] LocalContainerEntityManagerFactoryBean - Initialized JPA EntityManagerFactory for persistence unit 'default'
2026-06-29 18:26:07 WARN  [restartedMain] JpaBaseConfiguration$JpaWebConfiguration - spring.jpa.open-in-view is enabled by default. Therefore, database queries may be performed during view rendering. Explicitly configure spring.jpa.open-in-view to disable this warning
2026-06-29 18:26:07 INFO  [restartedMain] Http11NioProtocol - Starting ProtocolHandler ["http-nio-4040"]
2026-06-29 18:26:07 INFO  [restartedMain] TomcatWebServer - Tomcat started on port 4040 (http) with context path '/EmployeeManagementAPI'
2026-06-29 18:26:07 INFO  [restartedMain] EmployeeManagementApiApplication - Started EmployeeManagementApiApplication in 2.449 seconds (process running for 243.232)
2026-06-29 18:26:07 INFO  [restartedMain] ConditionEvaluationDeltaLoggingListener - Condition evaluation unchanged
2026-06-29 18:26:37 INFO  [restartedMain] EmployeeManagementApiApplication - Starting EmployeeManagementApiApplication using Java 21.0.11 with PID 20360 (C:\Users\Techtezllp\eclipse-workspace1\EmployeeManagementAPI\target\classes started by Techtezllp in C:\Users\Techtezllp\eclipse-workspace1\EmployeeManagementAPI)
2026-06-29 18:26:37 INFO  [restartedMain] EmployeeManagementApiApplication - No active profile set, falling back to 1 default profile: "default"
2026-06-29 18:26:37 INFO  [restartedMain] DevToolsPropertyDefaultsPostProcessor - Devtools property defaults active! Set 'spring.devtools.add-properties' to 'false' to disable
2026-06-29 18:26:37 INFO  [restartedMain] DevToolsPropertyDefaultsPostProcessor - For additional web related logging consider setting the 'logging.level.web' property to 'DEBUG'
2026-06-29 18:26:37 INFO  [background-preinit] Version - HV000001: Hibernate Validator 9.1.0.Final
2026-06-29 18:26:38 INFO  [restartedMain] RepositoryConfigurationDelegate - Bootstrapping Spring Data JPA repositories in DEFAULT mode.
2026-06-29 18:26:38 INFO  [restartedMain] RepositoryConfigurationDelegate - Finished Spring Data repository scanning in 71 ms. Found 1 JPA repository interface.
2026-06-29 18:26:39 INFO  [restartedMain] TomcatWebServer - Tomcat initialized with port 4040 (http)
2026-06-29 18:26:39 INFO  [restartedMain] Http11NioProtocol - Initializing ProtocolHandler ["http-nio-4040"]
2026-06-29 18:26:39 INFO  [restartedMain] StandardService - Starting service [Tomcat]
2026-06-29 18:26:39 INFO  [restartedMain] StandardEngine - Starting Servlet engine: [Apache Tomcat/11.0.22]
2026-06-29 18:26:39 INFO  [restartedMain] WebApplicationContextInitializer - Root WebApplicationContext: initialization completed in 2047 ms
2026-06-29 18:26:39 INFO  [restartedMain] jpa - HHH008540: Processing PersistenceUnitInfo [name: default]
2026-06-29 18:26:39 INFO  [restartedMain] core - HHH000001: Hibernate ORM core version 7.4.1.Final
2026-06-29 18:26:40 INFO  [restartedMain] SpringPersistenceUnitInfo - No LoadTimeWeaver setup: ignoring JPA class transformer
2026-06-29 18:26:40 WARN  [restartedMain] HikariConfig - HikariPool-1 - keepaliveTime is less than 30000ms, disabling it.
2026-06-29 18:26:40 INFO  [restartedMain] HikariDataSource - HikariPool-1 - Starting...
2026-06-29 18:26:40 INFO  [restartedMain] HikariPool - HikariPool-1 - Added connection com.mysql.cj.jdbc.ConnectionImpl@401155
2026-06-29 18:26:40 INFO  [restartedMain] HikariDataSource - HikariPool-1 - Start completed.
2026-06-29 18:26:40 INFO  [restartedMain] pooling - HHH10001005: Database info:
	Database JDBC URL [jdbc:mysql:///techtezworkspace1]
	Database driver: MySQL Connector/J
	Database dialect: MySQLDialect
	Database version: 8.0.46
	Default catalog/schema: techtezworkspace1/undefined
	Autocommit mode: undefined/unknown
	Isolation level: REPEATABLE_READ [default REPEATABLE_READ]
	JDBC fetch size: none
	Pool: DataSourceConnectionProvider
	Minimum pool size: undefined/unknown
	Maximum pool size: undefined/unknown
2026-06-29 18:26:42 INFO  [restartedMain] core - HHH000489: No JTA platform available (set 'hibernate.transaction.jta.platform' to enable JTA platform integration)
2026-06-29 18:26:42 INFO  [restartedMain] LocalContainerEntityManagerFactoryBean - Initialized JPA EntityManagerFactory for persistence unit 'default'
2026-06-29 18:26:42 INFO  [restartedMain] QueryEnhancerFactories - Hibernate is in classpath; If applicable, HQL parser will be used.
2026-06-29 18:26:42 WARN  [restartedMain] JpaBaseConfiguration$JpaWebConfiguration - spring.jpa.open-in-view is enabled by default. Therefore, database queries may be performed during view rendering. Explicitly configure spring.jpa.open-in-view to disable this warning
2026-06-29 18:26:42 INFO  [restartedMain] Http11NioProtocol - Starting ProtocolHandler ["http-nio-4040"]
2026-06-29 18:26:43 INFO  [restartedMain] TomcatWebServer - Tomcat started on port 4040 (http) with context path '/EmployeeManagementAPI'
2026-06-29 18:26:43 INFO  [restartedMain] EmployeeManagementApiApplication - Started EmployeeManagementApiApplication in 6.58 seconds (process running for 7.659)
2026-06-29 18:26:52 INFO  [http-nio-4040-exec-2] [/EmployeeManagementAPI] - Initializing Spring DispatcherServlet 'dispatcherServlet'
2026-06-29 18:26:52 INFO  [http-nio-4040-exec-2] DispatcherServlet - Initializing Servlet 'dispatcherServlet'
2026-06-29 18:26:52 INFO  [http-nio-4040-exec-2] DispatcherServlet - Completed initialization in 2 ms
2026-06-29 18:26:53 ERROR [http-nio-4040-exec-2] EmployeeErrorHandler - IllegalArgumentException occurred at /EmployeeManagementAPI/employees/save : HV000030: No validator could be found for constraint 'jakarta.validation.constraints.NotBlank' validating type 'java.lang.Long'. Check configuration for 'employeeCode'
jakarta.validation.UnexpectedTypeException: HV000030: No validator could be found for constraint 'jakarta.validation.constraints.NotBlank' validating type 'java.lang.Long'. Check configuration for 'employeeCode'
	at org.hibernate.validator.internal.engine.constraintvalidation.ConstraintTree.getExceptionForNullValidator(ConstraintTree.java:99)
	at org.hibernate.validator.internal.engine.constraintvalidation.ConstraintTree.getInitializedConstraintValidator(ConstraintTree.java:145)
	at org.hibernate.validator.internal.engine.constraintvalidation.SimpleConstraintTree.doValidateConstraints(SimpleConstraintTree.java:83)
	at org.hibernate.validator.internal.engine.constraintvalidation.SimpleConstraintTree.validateConstraints(SimpleConstraintTree.java:40)
	at org.hibernate.validator.internal.metadata.core.MetaConstraint.doValidateConstraint(MetaConstraint.java:132)
	at org.hibernate.validator.internal.metadata.core.MetaConstraint.validateConstraint(MetaConstraint.java:124)
	at org.hibernate.validator.internal.engine.ValidatorImpl.validateMetaConstraint(ValidatorImpl.java:602)
	at org.hibernate.validator.internal.engine.ValidatorImpl.validateConstraintsForSingleDefaultGroupElement(ValidatorImpl.java:546)
	at org.hibernate.validator.internal.engine.ValidatorImpl.validateConstraintsForDefaultGroup(ValidatorImpl.java:512)
	at org.hibernate.validator.internal.engine.ValidatorImpl.validateConstraintsForCurrentGroup(ValidatorImpl.java:448)
	at org.hibernate.validator.internal.engine.ValidatorImpl.validateInContext(ValidatorImpl.java:398)
	at org.hibernate.validator.internal.engine.ValidatorImpl.validate(ValidatorImpl.java:170)
	at org.springframework.validation.beanvalidation.SpringValidatorAdapter.validate(SpringValidatorAdapter.java:103)
	at org.springframework.boot.validation.autoconfigure.ValidatorAdapter.validate(ValidatorAdapter.java:69)
	at org.springframework.validation.DataBinder.validate(DataBinder.java:1400)
	at org.springframework.web.servlet.mvc.method.annotation.AbstractMessageConverterMethodArgumentResolver.validateIfApplicable(AbstractMessageConverterMethodArgumentResolver.java:290)
	at org.springframework.web.servlet.mvc.method.annotation.RequestResponseBodyMethodProcessor.resolveArgument(RequestResponseBodyMethodProcessor.java:163)
	at org.springframework.web.method.support.HandlerMethodArgumentResolverComposite.resolveArgument(HandlerMethodArgumentResolverComposite.java:122)
	at org.springframework.web.method.support.InvocableHandlerMethod.getMethodArgumentValues(InvocableHandlerMethod.java:224)
	at org.springframework.web.method.support.InvocableHandlerMethod.invokeForRequest(InvocableHandlerMethod.java:174)
	at org.springframework.web.servlet.mvc.method.annotation.ServletInvocableHandlerMethod.invokeAndHandle(ServletInvocableHandlerMethod.java:117)
	at org.springframework.web.servlet.mvc.method.annotation.RequestMappingHandlerAdapter.invokeHandlerMethod(RequestMappingHandlerAdapter.java:934)
	at org.springframework.web.servlet.mvc.method.annotation.RequestMappingHandlerAdapter.handleInternal(RequestMappingHandlerAdapter.java:853)
	at org.springframework.web.servlet.mvc.method.AbstractHandlerMethodAdapter.handle(AbstractHandlerMethodAdapter.java:86)
	at org.springframework.web.servlet.DispatcherServlet.doDispatch(DispatcherServlet.java:963)
	at org.springframework.web.servlet.DispatcherServlet.doService(DispatcherServlet.java:866)
	at org.springframework.web.servlet.FrameworkServlet.processRequest(FrameworkServlet.java:1000)
	at org.springframework.web.servlet.FrameworkServlet.doPost(FrameworkServlet.java:903)
	at jakarta.servlet.http.HttpServlet.service(HttpServlet.java:649)
	at org.springframework.web.servlet.FrameworkServlet.service(FrameworkServlet.java:874)
	at jakarta.servlet.http.HttpServlet.service(HttpServlet.java:710)
	at org.apache.catalina.core.ApplicationFilterChain.doFilter(ApplicationFilterChain.java:128)
	at org.apache.tomcat.websocket.server.WsFilter.doFilter(WsFilter.java:53)
	at org.apache.catalina.core.ApplicationFilterChain.doFilter(ApplicationFilterChain.java:107)
	at org.springframework.web.filter.RequestContextFilter.doFilterInternal(RequestContextFilter.java:100)
	at org.springframework.web.filter.OncePerRequestFilter.doFilter(OncePerRequestFilter.java:116)
	at org.apache.catalina.core.ApplicationFilterChain.doFilter(ApplicationFilterChain.java:107)
	at org.springframework.web.filter.FormContentFilter.doFilterInternal(FormContentFilter.java:93)
	at org.springframework.web.filter.OncePerRequestFilter.doFilter(OncePerRequestFilter.java:116)
	at org.apache.catalina.core.ApplicationFilterChain.doFilter(ApplicationFilterChain.java:107)
	at org.springframework.web.filter.CharacterEncodingFilter.doFilterInternal(CharacterEncodingFilter.java:199)
	at org.springframework.web.filter.OncePerRequestFilter.doFilter(OncePerRequestFilter.java:116)
	at org.apache.catalina.core.ApplicationFilterChain.doFilter(ApplicationFilterChain.java:107)
	at org.apache.catalina.core.StandardWrapperValve.invoke(StandardWrapperValve.java:165)
	at org.apache.catalina.core.StandardContextValve.invoke(StandardContextValve.java:77)
	at org.apache.catalina.authenticator.AuthenticatorBase.invoke(AuthenticatorBase.java:492)
	at org.apache.catalina.core.StandardHostValve.invoke(StandardHostValve.java:113)
	at org.apache.catalina.valves.ErrorReportValve.invoke(ErrorReportValve.java:83)
	at org.apache.catalina.core.StandardEngineValve.invoke(StandardEngineValve.java:72)
	at org.apache.catalina.connector.CoyoteAdapter.service(CoyoteAdapter.java:341)
	at org.apache.coyote.http11.Http11Processor.service(Http11Processor.java:397)
	at org.apache.coyote.AbstractProcessorLight.process(AbstractProcessorLight.java:63)
	at org.apache.coyote.AbstractProtocol$ConnectionHandler.process(AbstractProtocol.java:1272)
	at org.apache.tomcat.util.net.NioEndpoint$SocketProcessor.doRun(NioEndpoint.java:1801)
	at org.apache.tomcat.util.net.SocketProcessorBase.run(SocketProcessorBase.java:52)
	at org.apache.tomcat.util.threads.ThreadPoolExecutor.runWorker(ThreadPoolExecutor.java:946)
	at org.apache.tomcat.util.threads.ThreadPoolExecutor$Worker.run(ThreadPoolExecutor.java:480)
	at org.apache.tomcat.util.threads.TaskThread$WrappingRunnable.run(TaskThread.java:57)
	at java.base/java.lang.Thread.run(Thread.java:1583)
2026-06-29 18:26:53 WARN  [http-nio-4040-exec-2] ExceptionHandlerExceptionResolver - Resolved [jakarta.validation.UnexpectedTypeException: HV000030: No validator could be found for constraint 'jakarta.validation.constraints.NotBlank' validating type 'java.lang.Long'. Check configuration for 'employeeCode']
2026-06-29 18:35:40 INFO  [File Watcher] LocalDevToolsAutoConfiguration$RestartingClassPathChangeChangedEventListener - Restarting due to 1 class path change (0 additions, 0 deletions, 1 modification)
2026-06-29 18:35:40 INFO  [Thread-1] GracefulShutdown - Commencing graceful shutdown. Waiting for active requests to complete
2026-06-29 18:35:40 INFO  [tomcat-shutdown] Http11NioProtocol - Pausing ProtocolHandler ["http-nio-4040"]
2026-06-29 18:35:40 INFO  [tomcat-shutdown] GracefulShutdown - Graceful shutdown complete
2026-06-29 18:35:40 INFO  [Thread-1] Http11NioProtocol - Stopping ProtocolHandler ["http-nio-4040"]
2026-06-29 18:35:40 INFO  [Thread-1] LocalContainerEntityManagerFactoryBean - Closing JPA EntityManagerFactory for persistence unit 'default'
2026-06-29 18:35:40 INFO  [Thread-1] HikariDataSource - HikariPool-1 - Shutdown initiated...
2026-06-29 18:35:40 INFO  [Thread-1] HikariDataSource - HikariPool-1 - Shutdown completed.
2026-06-29 18:35:41 INFO  [restartedMain] EmployeeManagementApiApplication - Starting EmployeeManagementApiApplication using Java 21.0.11 with PID 20360 (C:\Users\Techtezllp\eclipse-workspace1\EmployeeManagementAPI\target\classes started by Techtezllp in C:\Users\Techtezllp\eclipse-workspace1\EmployeeManagementAPI)
2026-06-29 18:35:41 INFO  [restartedMain] EmployeeManagementApiApplication - No active profile set, falling back to 1 default profile: "default"
2026-06-29 18:35:41 INFO  [restartedMain] RepositoryConfigurationDelegate - Bootstrapping Spring Data JPA repositories in DEFAULT mode.
2026-06-29 18:35:41 INFO  [restartedMain] RepositoryConfigurationDelegate - Finished Spring Data repository scanning in 13 ms. Found 1 JPA repository interface.
2026-06-29 18:35:41 INFO  [restartedMain] TomcatWebServer - Tomcat initialized with port 4040 (http)
2026-06-29 18:35:41 INFO  [restartedMain] Http11NioProtocol - Initializing ProtocolHandler ["http-nio-4040"]
2026-06-29 18:35:41 INFO  [restartedMain] StandardService - Starting service [Tomcat]
2026-06-29 18:35:41 INFO  [restartedMain] StandardEngine - Starting Servlet engine: [Apache Tomcat/11.0.22]
2026-06-29 18:35:41 INFO  [restartedMain] WebApplicationContextInitializer - Root WebApplicationContext: initialization completed in 576 ms
2026-06-29 18:35:41 INFO  [restartedMain] jpa - HHH008540: Processing PersistenceUnitInfo [name: default]
2026-06-29 18:35:41 INFO  [restartedMain] SpringPersistenceUnitInfo - No LoadTimeWeaver setup: ignoring JPA class transformer
2026-06-29 18:35:41 WARN  [restartedMain] HikariConfig - HikariPool-2 - keepaliveTime is less than 30000ms, disabling it.
2026-06-29 18:35:41 INFO  [restartedMain] HikariDataSource - HikariPool-2 - Starting...
2026-06-29 18:35:41 INFO  [restartedMain] HikariPool - HikariPool-2 - Added connection com.mysql.cj.jdbc.ConnectionImpl@b5a1054
2026-06-29 18:35:41 INFO  [restartedMain] HikariDataSource - HikariPool-2 - Start completed.
2026-06-29 18:35:41 INFO  [restartedMain] pooling - HHH10001005: Database info:
	Database JDBC URL [jdbc:mysql:///techtezworkspace1]
	Database driver: MySQL Connector/J
	Database dialect: MySQLDialect
	Database version: 8.0.46
	Default catalog/schema: techtezworkspace1/undefined
	Autocommit mode: undefined/unknown
	Isolation level: REPEATABLE_READ [default REPEATABLE_READ]
	JDBC fetch size: none
	Pool: DataSourceConnectionProvider
	Minimum pool size: undefined/unknown
	Maximum pool size: undefined/unknown
2026-06-29 18:35:41 INFO  [restartedMain] core - HHH000489: No JTA platform available (set 'hibernate.transaction.jta.platform' to enable JTA platform integration)
2026-06-29 18:35:42 INFO  [restartedMain] LocalContainerEntityManagerFactoryBean - Initialized JPA EntityManagerFactory for persistence unit 'default'
2026-06-29 18:35:42 WARN  [restartedMain] JpaBaseConfiguration$JpaWebConfiguration - spring.jpa.open-in-view is enabled by default. Therefore, database queries may be performed during view rendering. Explicitly configure spring.jpa.open-in-view to disable this warning
2026-06-29 18:35:42 INFO  [restartedMain] Http11NioProtocol - Starting ProtocolHandler ["http-nio-4040"]
2026-06-29 18:35:42 INFO  [restartedMain] TomcatWebServer - Tomcat started on port 4040 (http) with context path '/EmployeeManagementAPI'
2026-06-29 18:35:42 INFO  [restartedMain] EmployeeManagementApiApplication - Started EmployeeManagementApiApplication in 1.311 seconds (process running for 546.969)
2026-06-29 18:35:42 INFO  [restartedMain] ConditionEvaluationDeltaLoggingListener - Condition evaluation unchanged
2026-06-29 18:37:59 INFO  [restartedMain] EmployeeManagementApiApplication - Starting EmployeeManagementApiApplication using Java 21.0.11 with PID 13276 (C:\Users\Techtezllp\eclipse-workspace1\EmployeeManagementAPI\target\classes started by Techtezllp in C:\Users\Techtezllp\eclipse-workspace1\EmployeeManagementAPI)
2026-06-29 18:37:59 INFO  [restartedMain] EmployeeManagementApiApplication - No active profile set, falling back to 1 default profile: "default"
2026-06-29 18:37:59 INFO  [restartedMain] DevToolsPropertyDefaultsPostProcessor - Devtools property defaults active! Set 'spring.devtools.add-properties' to 'false' to disable
2026-06-29 18:37:59 INFO  [restartedMain] DevToolsPropertyDefaultsPostProcessor - For additional web related logging consider setting the 'logging.level.web' property to 'DEBUG'
2026-06-29 18:37:59 INFO  [background-preinit] Version - HV000001: Hibernate Validator 9.1.0.Final
2026-06-29 18:38:00 INFO  [restartedMain] RepositoryConfigurationDelegate - Bootstrapping Spring Data JPA repositories in DEFAULT mode.
2026-06-29 18:38:00 INFO  [restartedMain] RepositoryConfigurationDelegate - Finished Spring Data repository scanning in 73 ms. Found 1 JPA repository interface.
2026-06-29 18:38:01 INFO  [restartedMain] TomcatWebServer - Tomcat initialized with port 4040 (http)
2026-06-29 18:38:01 INFO  [restartedMain] Http11NioProtocol - Initializing ProtocolHandler ["http-nio-4040"]
2026-06-29 18:38:01 INFO  [restartedMain] StandardService - Starting service [Tomcat]
2026-06-29 18:38:01 INFO  [restartedMain] StandardEngine - Starting Servlet engine: [Apache Tomcat/11.0.22]
2026-06-29 18:38:01 INFO  [restartedMain] WebApplicationContextInitializer - Root WebApplicationContext: initialization completed in 2073 ms
2026-06-29 18:38:01 INFO  [restartedMain] jpa - HHH008540: Processing PersistenceUnitInfo [name: default]
2026-06-29 18:38:01 INFO  [restartedMain] core - HHH000001: Hibernate ORM core version 7.4.1.Final
2026-06-29 18:38:02 INFO  [restartedMain] SpringPersistenceUnitInfo - No LoadTimeWeaver setup: ignoring JPA class transformer
2026-06-29 18:38:02 WARN  [restartedMain] HikariConfig - HikariPool-1 - keepaliveTime is less than 30000ms, disabling it.
2026-06-29 18:38:02 INFO  [restartedMain] HikariDataSource - HikariPool-1 - Starting...
2026-06-29 18:38:02 INFO  [restartedMain] HikariPool - HikariPool-1 - Added connection com.mysql.cj.jdbc.ConnectionImpl@23facf97
2026-06-29 18:38:02 INFO  [restartedMain] HikariDataSource - HikariPool-1 - Start completed.
2026-06-29 18:38:03 INFO  [restartedMain] pooling - HHH10001005: Database info:
	Database JDBC URL [jdbc:mysql:///techtezworkspace1]
	Database driver: MySQL Connector/J
	Database dialect: MySQLDialect
	Database version: 8.0.46
	Default catalog/schema: techtezworkspace1/undefined
	Autocommit mode: undefined/unknown
	Isolation level: REPEATABLE_READ [default REPEATABLE_READ]
	JDBC fetch size: none
	Pool: DataSourceConnectionProvider
	Minimum pool size: undefined/unknown
	Maximum pool size: undefined/unknown
2026-06-29 18:38:04 INFO  [restartedMain] core - HHH000489: No JTA platform available (set 'hibernate.transaction.jta.platform' to enable JTA platform integration)
2026-06-29 18:38:04 INFO  [restartedMain] LocalContainerEntityManagerFactoryBean - Initialized JPA EntityManagerFactory for persistence unit 'default'
2026-06-29 18:38:04 INFO  [restartedMain] QueryEnhancerFactories - Hibernate is in classpath; If applicable, HQL parser will be used.
2026-06-29 18:38:04 WARN  [restartedMain] JpaBaseConfiguration$JpaWebConfiguration - spring.jpa.open-in-view is enabled by default. Therefore, database queries may be performed during view rendering. Explicitly configure spring.jpa.open-in-view to disable this warning
2026-06-29 18:38:04 INFO  [restartedMain] Http11NioProtocol - Starting ProtocolHandler ["http-nio-4040"]
2026-06-29 18:38:04 INFO  [restartedMain] TomcatWebServer - Tomcat started on port 4040 (http) with context path '/EmployeeManagementAPI'
2026-06-29 18:38:05 INFO  [restartedMain] EmployeeManagementApiApplication - Started EmployeeManagementApiApplication in 6.298 seconds (process running for 7.267)
2026-06-29 18:38:29 INFO  [http-nio-4040-exec-2] [/EmployeeManagementAPI] - Initializing Spring DispatcherServlet 'dispatcherServlet'
2026-06-29 18:38:29 INFO  [http-nio-4040-exec-2] DispatcherServlet - Initializing Servlet 'dispatcherServlet'
2026-06-29 18:38:29 INFO  [http-nio-4040-exec-2] DispatcherServlet - Completed initialization in 5 ms
2026-06-29 18:38:30 ERROR [http-nio-4040-exec-2] EmployeeErrorHandler - RuntimeEception Occurred at /EmployeeManagementAPI/employees/save : HV000030: No validator could be found for constraint 'jakarta.validation.constraints.NotBlank' validating type 'java.lang.Long'. Check configuration for 'employeeCode'
jakarta.validation.UnexpectedTypeException: HV000030: No validator could be found for constraint 'jakarta.validation.constraints.NotBlank' validating type 'java.lang.Long'. Check configuration for 'employeeCode'
	at org.hibernate.validator.internal.engine.constraintvalidation.ConstraintTree.getExceptionForNullValidator(ConstraintTree.java:99)
	at org.hibernate.validator.internal.engine.constraintvalidation.ConstraintTree.getInitializedConstraintValidator(ConstraintTree.java:145)
	at org.hibernate.validator.internal.engine.constraintvalidation.SimpleConstraintTree.doValidateConstraints(SimpleConstraintTree.java:83)
	at org.hibernate.validator.internal.engine.constraintvalidation.SimpleConstraintTree.validateConstraints(SimpleConstraintTree.java:40)
	at org.hibernate.validator.internal.metadata.core.MetaConstraint.doValidateConstraint(MetaConstraint.java:132)
	at org.hibernate.validator.internal.metadata.core.MetaConstraint.validateConstraint(MetaConstraint.java:124)
	at org.hibernate.validator.internal.engine.ValidatorImpl.validateMetaConstraint(ValidatorImpl.java:602)
	at org.hibernate.validator.internal.engine.ValidatorImpl.validateConstraintsForSingleDefaultGroupElement(ValidatorImpl.java:546)
	at org.hibernate.validator.internal.engine.ValidatorImpl.validateConstraintsForDefaultGroup(ValidatorImpl.java:512)
	at org.hibernate.validator.internal.engine.ValidatorImpl.validateConstraintsForCurrentGroup(ValidatorImpl.java:448)
	at org.hibernate.validator.internal.engine.ValidatorImpl.validateInContext(ValidatorImpl.java:398)
	at org.hibernate.validator.internal.engine.ValidatorImpl.validate(ValidatorImpl.java:170)
	at org.springframework.validation.beanvalidation.SpringValidatorAdapter.validate(SpringValidatorAdapter.java:103)
	at org.springframework.boot.validation.autoconfigure.ValidatorAdapter.validate(ValidatorAdapter.java:69)
	at org.springframework.validation.DataBinder.validate(DataBinder.java:1400)
	at org.springframework.web.servlet.mvc.method.annotation.AbstractMessageConverterMethodArgumentResolver.validateIfApplicable(AbstractMessageConverterMethodArgumentResolver.java:290)
	at org.springframework.web.servlet.mvc.method.annotation.RequestResponseBodyMethodProcessor.resolveArgument(RequestResponseBodyMethodProcessor.java:163)
	at org.springframework.web.method.support.HandlerMethodArgumentResolverComposite.resolveArgument(HandlerMethodArgumentResolverComposite.java:122)
	at org.springframework.web.method.support.InvocableHandlerMethod.getMethodArgumentValues(InvocableHandlerMethod.java:224)
	at org.springframework.web.method.support.InvocableHandlerMethod.invokeForRequest(InvocableHandlerMethod.java:174)
	at org.springframework.web.servlet.mvc.method.annotation.ServletInvocableHandlerMethod.invokeAndHandle(ServletInvocableHandlerMethod.java:117)
	at org.springframework.web.servlet.mvc.method.annotation.RequestMappingHandlerAdapter.invokeHandlerMethod(RequestMappingHandlerAdapter.java:934)
	at org.springframework.web.servlet.mvc.method.annotation.RequestMappingHandlerAdapter.handleInternal(RequestMappingHandlerAdapter.java:853)
	at org.springframework.web.servlet.mvc.method.AbstractHandlerMethodAdapter.handle(AbstractHandlerMethodAdapter.java:86)
	at org.springframework.web.servlet.DispatcherServlet.doDispatch(DispatcherServlet.java:963)
	at org.springframework.web.servlet.DispatcherServlet.doService(DispatcherServlet.java:866)
	at org.springframework.web.servlet.FrameworkServlet.processRequest(FrameworkServlet.java:1000)
	at org.springframework.web.servlet.FrameworkServlet.doPost(FrameworkServlet.java:903)
	at jakarta.servlet.http.HttpServlet.service(HttpServlet.java:649)
	at org.springframework.web.servlet.FrameworkServlet.service(FrameworkServlet.java:874)
	at jakarta.servlet.http.HttpServlet.service(HttpServlet.java:710)
	at org.apache.catalina.core.ApplicationFilterChain.doFilter(ApplicationFilterChain.java:128)
	at org.apache.tomcat.websocket.server.WsFilter.doFilter(WsFilter.java:53)
	at org.apache.catalina.core.ApplicationFilterChain.doFilter(ApplicationFilterChain.java:107)
	at org.springframework.web.filter.RequestContextFilter.doFilterInternal(RequestContextFilter.java:100)
	at org.springframework.web.filter.OncePerRequestFilter.doFilter(OncePerRequestFilter.java:116)
	at org.apache.catalina.core.ApplicationFilterChain.doFilter(ApplicationFilterChain.java:107)
	at org.springframework.web.filter.FormContentFilter.doFilterInternal(FormContentFilter.java:93)
	at org.springframework.web.filter.OncePerRequestFilter.doFilter(OncePerRequestFilter.java:116)
	at org.apache.catalina.core.ApplicationFilterChain.doFilter(ApplicationFilterChain.java:107)
	at org.springframework.web.filter.CharacterEncodingFilter.doFilterInternal(CharacterEncodingFilter.java:199)
	at org.springframework.web.filter.OncePerRequestFilter.doFilter(OncePerRequestFilter.java:116)
	at org.apache.catalina.core.ApplicationFilterChain.doFilter(ApplicationFilterChain.java:107)
	at org.apache.catalina.core.StandardWrapperValve.invoke(StandardWrapperValve.java:165)
	at org.apache.catalina.core.StandardContextValve.invoke(StandardContextValve.java:77)
	at org.apache.catalina.authenticator.AuthenticatorBase.invoke(AuthenticatorBase.java:492)
	at org.apache.catalina.core.StandardHostValve.invoke(StandardHostValve.java:113)
	at org.apache.catalina.valves.ErrorReportValve.invoke(ErrorReportValve.java:83)
	at org.apache.catalina.core.StandardEngineValve.invoke(StandardEngineValve.java:72)
	at org.apache.catalina.connector.CoyoteAdapter.service(CoyoteAdapter.java:341)
	at org.apache.coyote.http11.Http11Processor.service(Http11Processor.java:397)
	at org.apache.coyote.AbstractProcessorLight.process(AbstractProcessorLight.java:63)
	at org.apache.coyote.AbstractProtocol$ConnectionHandler.process(AbstractProtocol.java:1272)
	at org.apache.tomcat.util.net.NioEndpoint$SocketProcessor.doRun(NioEndpoint.java:1801)
	at org.apache.tomcat.util.net.SocketProcessorBase.run(SocketProcessorBase.java:52)
	at org.apache.tomcat.util.threads.ThreadPoolExecutor.runWorker(ThreadPoolExecutor.java:946)
	at org.apache.tomcat.util.threads.ThreadPoolExecutor$Worker.run(ThreadPoolExecutor.java:480)
	at org.apache.tomcat.util.threads.TaskThread$WrappingRunnable.run(TaskThread.java:57)
	at java.base/java.lang.Thread.run(Thread.java:1583)
2026-06-29 18:38:30 WARN  [http-nio-4040-exec-2] ExceptionHandlerExceptionResolver - Resolved [jakarta.validation.UnexpectedTypeException: HV000030: No validator could be found for constraint 'jakarta.validation.constraints.NotBlank' validating type 'java.lang.Long'. Check configuration for 'employeeCode']
2026-06-29 18:38:43 ERROR [http-nio-4040-exec-4] EmployeeErrorHandler - RuntimeEception Occurred at /EmployeeManagementAPI/employees/save : HV000030: No validator could be found for constraint 'jakarta.validation.constraints.NotBlank' validating type 'java.lang.Long'. Check configuration for 'employeeCode'
jakarta.validation.UnexpectedTypeException: HV000030: No validator could be found for constraint 'jakarta.validation.constraints.NotBlank' validating type 'java.lang.Long'. Check configuration for 'employeeCode'
	at org.hibernate.validator.internal.engine.constraintvalidation.ConstraintTree.getExceptionForNullValidator(ConstraintTree.java:99)
	at org.hibernate.validator.internal.engine.constraintvalidation.ConstraintTree.getInitializedConstraintValidator(ConstraintTree.java:145)
	at org.hibernate.validator.internal.engine.constraintvalidation.SimpleConstraintTree.doValidateConstraints(SimpleConstraintTree.java:83)
	at org.hibernate.validator.internal.engine.constraintvalidation.SimpleConstraintTree.validateConstraints(SimpleConstraintTree.java:40)
	at org.hibernate.validator.internal.metadata.core.MetaConstraint.doValidateConstraint(MetaConstraint.java:132)
	at org.hibernate.validator.internal.metadata.core.MetaConstraint.validateConstraint(MetaConstraint.java:124)
	at org.hibernate.validator.internal.engine.ValidatorImpl.validateMetaConstraint(ValidatorImpl.java:602)
	at org.hibernate.validator.internal.engine.ValidatorImpl.validateConstraintsForSingleDefaultGroupElement(ValidatorImpl.java:546)
	at org.hibernate.validator.internal.engine.ValidatorImpl.validateConstraintsForDefaultGroup(ValidatorImpl.java:512)
	at org.hibernate.validator.internal.engine.ValidatorImpl.validateConstraintsForCurrentGroup(ValidatorImpl.java:448)
	at org.hibernate.validator.internal.engine.ValidatorImpl.validateInContext(ValidatorImpl.java:398)
	at org.hibernate.validator.internal.engine.ValidatorImpl.validate(ValidatorImpl.java:170)
	at org.springframework.validation.beanvalidation.SpringValidatorAdapter.validate(SpringValidatorAdapter.java:103)
	at org.springframework.boot.validation.autoconfigure.ValidatorAdapter.validate(ValidatorAdapter.java:69)
	at org.springframework.validation.DataBinder.validate(DataBinder.java:1400)
	at org.springframework.web.servlet.mvc.method.annotation.AbstractMessageConverterMethodArgumentResolver.validateIfApplicable(AbstractMessageConverterMethodArgumentResolver.java:290)
	at org.springframework.web.servlet.mvc.method.annotation.RequestResponseBodyMethodProcessor.resolveArgument(RequestResponseBodyMethodProcessor.java:163)
	at org.springframework.web.method.support.HandlerMethodArgumentResolverComposite.resolveArgument(HandlerMethodArgumentResolverComposite.java:122)
	at org.springframework.web.method.support.InvocableHandlerMethod.getMethodArgumentValues(InvocableHandlerMethod.java:224)
	at org.springframework.web.method.support.InvocableHandlerMethod.invokeForRequest(InvocableHandlerMethod.java:174)
	at org.springframework.web.servlet.mvc.method.annotation.ServletInvocableHandlerMethod.invokeAndHandle(ServletInvocableHandlerMethod.java:117)
	at org.springframework.web.servlet.mvc.method.annotation.RequestMappingHandlerAdapter.invokeHandlerMethod(RequestMappingHandlerAdapter.java:934)
	at org.springframework.web.servlet.mvc.method.annotation.RequestMappingHandlerAdapter.handleInternal(RequestMappingHandlerAdapter.java:853)
	at org.springframework.web.servlet.mvc.method.AbstractHandlerMethodAdapter.handle(AbstractHandlerMethodAdapter.java:86)
	at org.springframework.web.servlet.DispatcherServlet.doDispatch(DispatcherServlet.java:963)
	at org.springframework.web.servlet.DispatcherServlet.doService(DispatcherServlet.java:866)
	at org.springframework.web.servlet.FrameworkServlet.processRequest(FrameworkServlet.java:1000)
	at org.springframework.web.servlet.FrameworkServlet.doPost(FrameworkServlet.java:903)
	at jakarta.servlet.http.HttpServlet.service(HttpServlet.java:649)
	at org.springframework.web.servlet.FrameworkServlet.service(FrameworkServlet.java:874)
	at jakarta.servlet.http.HttpServlet.service(HttpServlet.java:710)
	at org.apache.catalina.core.ApplicationFilterChain.doFilter(ApplicationFilterChain.java:128)
	at org.apache.tomcat.websocket.server.WsFilter.doFilter(WsFilter.java:53)
	at org.apache.catalina.core.ApplicationFilterChain.doFilter(ApplicationFilterChain.java:107)
	at org.springframework.web.filter.RequestContextFilter.doFilterInternal(RequestContextFilter.java:100)
	at org.springframework.web.filter.OncePerRequestFilter.doFilter(OncePerRequestFilter.java:116)
	at org.apache.catalina.core.ApplicationFilterChain.doFilter(ApplicationFilterChain.java:107)
	at org.springframework.web.filter.FormContentFilter.doFilterInternal(FormContentFilter.java:93)
	at org.springframework.web.filter.OncePerRequestFilter.doFilter(OncePerRequestFilter.java:116)
	at org.apache.catalina.core.ApplicationFilterChain.doFilter(ApplicationFilterChain.java:107)
	at org.springframework.web.filter.CharacterEncodingFilter.doFilterInternal(CharacterEncodingFilter.java:199)
	at org.springframework.web.filter.OncePerRequestFilter.doFilter(OncePerRequestFilter.java:116)
	at org.apache.catalina.core.ApplicationFilterChain.doFilter(ApplicationFilterChain.java:107)
	at org.apache.catalina.core.StandardWrapperValve.invoke(StandardWrapperValve.java:165)
	at org.apache.catalina.core.StandardContextValve.invoke(StandardContextValve.java:77)
	at org.apache.catalina.authenticator.AuthenticatorBase.invoke(AuthenticatorBase.java:492)
	at org.apache.catalina.core.StandardHostValve.invoke(StandardHostValve.java:113)
	at org.apache.catalina.valves.ErrorReportValve.invoke(ErrorReportValve.java:83)
	at org.apache.catalina.core.StandardEngineValve.invoke(StandardEngineValve.java:72)
	at org.apache.catalina.connector.CoyoteAdapter.service(CoyoteAdapter.java:341)
	at org.apache.coyote.http11.Http11Processor.service(Http11Processor.java:397)
	at org.apache.coyote.AbstractProcessorLight.process(AbstractProcessorLight.java:63)
	at org.apache.coyote.AbstractProtocol$ConnectionHandler.process(AbstractProtocol.java:1272)
	at org.apache.tomcat.util.net.NioEndpoint$SocketProcessor.doRun(NioEndpoint.java:1801)
	at org.apache.tomcat.util.net.SocketProcessorBase.run(SocketProcessorBase.java:52)
	at org.apache.tomcat.util.threads.ThreadPoolExecutor.runWorker(ThreadPoolExecutor.java:946)
	at org.apache.tomcat.util.threads.ThreadPoolExecutor$Worker.run(ThreadPoolExecutor.java:480)
	at org.apache.tomcat.util.threads.TaskThread$WrappingRunnable.run(TaskThread.java:57)
	at java.base/java.lang.Thread.run(Thread.java:1583)
2026-06-29 18:38:43 WARN  [http-nio-4040-exec-4] ExceptionHandlerExceptionResolver - Resolved [jakarta.validation.UnexpectedTypeException: HV000030: No validator could be found for constraint 'jakarta.validation.constraints.NotBlank' validating type 'java.lang.Long'. Check configuration for 'employeeCode']
2026-06-29 18:38:57 ERROR [http-nio-4040-exec-6] EmployeeErrorHandler - RuntimeEception Occurred at /EmployeeManagementAPI/employees/save : HV000030: No validator could be found for constraint 'jakarta.validation.constraints.NotBlank' validating type 'java.lang.Long'. Check configuration for 'employeeCode'
jakarta.validation.UnexpectedTypeException: HV000030: No validator could be found for constraint 'jakarta.validation.constraints.NotBlank' validating type 'java.lang.Long'. Check configuration for 'employeeCode'
	at org.hibernate.validator.internal.engine.constraintvalidation.ConstraintTree.getExceptionForNullValidator(ConstraintTree.java:99)
	at org.hibernate.validator.internal.engine.constraintvalidation.ConstraintTree.getInitializedConstraintValidator(ConstraintTree.java:145)
	at org.hibernate.validator.internal.engine.constraintvalidation.SimpleConstraintTree.doValidateConstraints(SimpleConstraintTree.java:83)
	at org.hibernate.validator.internal.engine.constraintvalidation.SimpleConstraintTree.validateConstraints(SimpleConstraintTree.java:40)
	at org.hibernate.validator.internal.metadata.core.MetaConstraint.doValidateConstraint(MetaConstraint.java:132)
	at org.hibernate.validator.internal.metadata.core.MetaConstraint.validateConstraint(MetaConstraint.java:124)
	at org.hibernate.validator.internal.engine.ValidatorImpl.validateMetaConstraint(ValidatorImpl.java:602)
	at org.hibernate.validator.internal.engine.ValidatorImpl.validateConstraintsForSingleDefaultGroupElement(ValidatorImpl.java:546)
	at org.hibernate.validator.internal.engine.ValidatorImpl.validateConstraintsForDefaultGroup(ValidatorImpl.java:512)
	at org.hibernate.validator.internal.engine.ValidatorImpl.validateConstraintsForCurrentGroup(ValidatorImpl.java:448)
	at org.hibernate.validator.internal.engine.ValidatorImpl.validateInContext(ValidatorImpl.java:398)
	at org.hibernate.validator.internal.engine.ValidatorImpl.validate(ValidatorImpl.java:170)
	at org.springframework.validation.beanvalidation.SpringValidatorAdapter.validate(SpringValidatorAdapter.java:103)
	at org.springframework.boot.validation.autoconfigure.ValidatorAdapter.validate(ValidatorAdapter.java:69)
	at org.springframework.validation.DataBinder.validate(DataBinder.java:1400)
	at org.springframework.web.servlet.mvc.method.annotation.AbstractMessageConverterMethodArgumentResolver.validateIfApplicable(AbstractMessageConverterMethodArgumentResolver.java:290)
	at org.springframework.web.servlet.mvc.method.annotation.RequestResponseBodyMethodProcessor.resolveArgument(RequestResponseBodyMethodProcessor.java:163)
	at org.springframework.web.method.support.HandlerMethodArgumentResolverComposite.resolveArgument(HandlerMethodArgumentResolverComposite.java:122)
	at org.springframework.web.method.support.InvocableHandlerMethod.getMethodArgumentValues(InvocableHandlerMethod.java:224)
	at org.springframework.web.method.support.InvocableHandlerMethod.invokeForRequest(InvocableHandlerMethod.java:174)
	at org.springframework.web.servlet.mvc.method.annotation.ServletInvocableHandlerMethod.invokeAndHandle(ServletInvocableHandlerMethod.java:117)
	at org.springframework.web.servlet.mvc.method.annotation.RequestMappingHandlerAdapter.invokeHandlerMethod(RequestMappingHandlerAdapter.java:934)
	at org.springframework.web.servlet.mvc.method.annotation.RequestMappingHandlerAdapter.handleInternal(RequestMappingHandlerAdapter.java:853)
	at org.springframework.web.servlet.mvc.method.AbstractHandlerMethodAdapter.handle(AbstractHandlerMethodAdapter.java:86)
	at org.springframework.web.servlet.DispatcherServlet.doDispatch(DispatcherServlet.java:963)
	at org.springframework.web.servlet.DispatcherServlet.doService(DispatcherServlet.java:866)
	at org.springframework.web.servlet.FrameworkServlet.processRequest(FrameworkServlet.java:1000)
	at org.springframework.web.servlet.FrameworkServlet.doPost(FrameworkServlet.java:903)
	at jakarta.servlet.http.HttpServlet.service(HttpServlet.java:649)
	at org.springframework.web.servlet.FrameworkServlet.service(FrameworkServlet.java:874)
	at jakarta.servlet.http.HttpServlet.service(HttpServlet.java:710)
	at org.apache.catalina.core.ApplicationFilterChain.doFilter(ApplicationFilterChain.java:128)
	at org.apache.tomcat.websocket.server.WsFilter.doFilter(WsFilter.java:53)
	at org.apache.catalina.core.ApplicationFilterChain.doFilter(ApplicationFilterChain.java:107)
	at org.springframework.web.filter.RequestContextFilter.doFilterInternal(RequestContextFilter.java:100)
	at org.springframework.web.filter.OncePerRequestFilter.doFilter(OncePerRequestFilter.java:116)
	at org.apache.catalina.core.ApplicationFilterChain.doFilter(ApplicationFilterChain.java:107)
	at org.springframework.web.filter.FormContentFilter.doFilterInternal(FormContentFilter.java:93)
	at org.springframework.web.filter.OncePerRequestFilter.doFilter(OncePerRequestFilter.java:116)
	at org.apache.catalina.core.ApplicationFilterChain.doFilter(ApplicationFilterChain.java:107)
	at org.springframework.web.filter.CharacterEncodingFilter.doFilterInternal(CharacterEncodingFilter.java:199)
	at org.springframework.web.filter.OncePerRequestFilter.doFilter(OncePerRequestFilter.java:116)
	at org.apache.catalina.core.ApplicationFilterChain.doFilter(ApplicationFilterChain.java:107)
	at org.apache.catalina.core.StandardWrapperValve.invoke(StandardWrapperValve.java:165)
	at org.apache.catalina.core.StandardContextValve.invoke(StandardContextValve.java:77)
	at org.apache.catalina.authenticator.AuthenticatorBase.invoke(AuthenticatorBase.java:492)
	at org.apache.catalina.core.StandardHostValve.invoke(StandardHostValve.java:113)
	at org.apache.catalina.valves.ErrorReportValve.invoke(ErrorReportValve.java:83)
	at org.apache.catalina.core.StandardEngineValve.invoke(StandardEngineValve.java:72)
	at org.apache.catalina.connector.CoyoteAdapter.service(CoyoteAdapter.java:341)
	at org.apache.coyote.http11.Http11Processor.service(Http11Processor.java:397)
	at org.apache.coyote.AbstractProcessorLight.process(AbstractProcessorLight.java:63)
	at org.apache.coyote.AbstractProtocol$ConnectionHandler.process(AbstractProtocol.java:1272)
	at org.apache.tomcat.util.net.NioEndpoint$SocketProcessor.doRun(NioEndpoint.java:1801)
	at org.apache.tomcat.util.net.SocketProcessorBase.run(SocketProcessorBase.java:52)
	at org.apache.tomcat.util.threads.ThreadPoolExecutor.runWorker(ThreadPoolExecutor.java:946)
	at org.apache.tomcat.util.threads.ThreadPoolExecutor$Worker.run(ThreadPoolExecutor.java:480)
	at org.apache.tomcat.util.threads.TaskThread$WrappingRunnable.run(TaskThread.java:57)
	at java.base/java.lang.Thread.run(Thread.java:1583)
2026-06-29 18:38:57 WARN  [http-nio-4040-exec-6] ExceptionHandlerExceptionResolver - Resolved [jakarta.validation.UnexpectedTypeException: HV000030: No validator could be found for constraint 'jakarta.validation.constraints.NotBlank' validating type 'java.lang.Long'. Check configuration for 'employeeCode']
2026-06-29 18:40:03 INFO  [File Watcher] LocalDevToolsAutoConfiguration$RestartingClassPathChangeChangedEventListener - Restarting due to 1 class path change (0 additions, 0 deletions, 1 modification)
2026-06-29 18:40:03 INFO  [Thread-1] GracefulShutdown - Commencing graceful shutdown. Waiting for active requests to complete
2026-06-29 18:40:03 INFO  [tomcat-shutdown] Http11NioProtocol - Pausing ProtocolHandler ["http-nio-4040"]
2026-06-29 18:40:03 INFO  [tomcat-shutdown] GracefulShutdown - Graceful shutdown complete
2026-06-29 18:40:03 INFO  [Thread-1] Http11NioProtocol - Stopping ProtocolHandler ["http-nio-4040"]
2026-06-29 18:40:03 INFO  [Thread-1] LocalContainerEntityManagerFactoryBean - Closing JPA EntityManagerFactory for persistence unit 'default'
2026-06-29 18:40:03 INFO  [Thread-1] HikariDataSource - HikariPool-1 - Shutdown initiated...
2026-06-29 18:40:03 INFO  [Thread-1] HikariDataSource - HikariPool-1 - Shutdown completed.
2026-06-29 18:40:04 INFO  [restartedMain] EmployeeManagementApiApplication - Starting EmployeeManagementApiApplication using Java 21.0.11 with PID 13276 (C:\Users\Techtezllp\eclipse-workspace1\EmployeeManagementAPI\target\classes started by Techtezllp in C:\Users\Techtezllp\eclipse-workspace1\EmployeeManagementAPI)
2026-06-29 18:40:04 INFO  [restartedMain] EmployeeManagementApiApplication - No active profile set, falling back to 1 default profile: "default"
2026-06-29 18:40:04 INFO  [restartedMain] RepositoryConfigurationDelegate - Bootstrapping Spring Data JPA repositories in DEFAULT mode.
2026-06-29 18:40:04 INFO  [restartedMain] RepositoryConfigurationDelegate - Finished Spring Data repository scanning in 23 ms. Found 1 JPA repository interface.
2026-06-29 18:40:04 INFO  [restartedMain] TomcatWebServer - Tomcat initialized with port 4040 (http)
2026-06-29 18:40:04 INFO  [restartedMain] Http11NioProtocol - Initializing ProtocolHandler ["http-nio-4040"]
2026-06-29 18:40:04 INFO  [restartedMain] StandardService - Starting service [Tomcat]
2026-06-29 18:40:04 INFO  [restartedMain] StandardEngine - Starting Servlet engine: [Apache Tomcat/11.0.22]
2026-06-29 18:40:04 INFO  [restartedMain] WebApplicationContextInitializer - Root WebApplicationContext: initialization completed in 493 ms
2026-06-29 18:40:04 INFO  [restartedMain] jpa - HHH008540: Processing PersistenceUnitInfo [name: default]
2026-06-29 18:40:04 INFO  [restartedMain] SpringPersistenceUnitInfo - No LoadTimeWeaver setup: ignoring JPA class transformer
2026-06-29 18:40:04 WARN  [restartedMain] HikariConfig - HikariPool-2 - keepaliveTime is less than 30000ms, disabling it.
2026-06-29 18:40:04 INFO  [restartedMain] HikariDataSource - HikariPool-2 - Starting...
2026-06-29 18:40:04 INFO  [restartedMain] HikariPool - HikariPool-2 - Added connection com.mysql.cj.jdbc.ConnectionImpl@71668ed2
2026-06-29 18:40:04 INFO  [restartedMain] HikariDataSource - HikariPool-2 - Start completed.
2026-06-29 18:40:04 INFO  [restartedMain] pooling - HHH10001005: Database info:
	Database JDBC URL [jdbc:mysql:///techtezworkspace1]
	Database driver: MySQL Connector/J
	Database dialect: MySQLDialect
	Database version: 8.0.46
	Default catalog/schema: techtezworkspace1/undefined
	Autocommit mode: undefined/unknown
	Isolation level: REPEATABLE_READ [default REPEATABLE_READ]
	JDBC fetch size: none
	Pool: DataSourceConnectionProvider
	Minimum pool size: undefined/unknown
	Maximum pool size: undefined/unknown
2026-06-29 18:40:04 INFO  [restartedMain] core - HHH000489: No JTA platform available (set 'hibernate.transaction.jta.platform' to enable JTA platform integration)
2026-06-29 18:40:04 INFO  [restartedMain] LocalContainerEntityManagerFactoryBean - Initialized JPA EntityManagerFactory for persistence unit 'default'
2026-06-29 18:40:05 WARN  [restartedMain] JpaBaseConfiguration$JpaWebConfiguration - spring.jpa.open-in-view is enabled by default. Therefore, database queries may be performed during view rendering. Explicitly configure spring.jpa.open-in-view to disable this warning
2026-06-29 18:40:05 INFO  [restartedMain] Http11NioProtocol - Starting ProtocolHandler ["http-nio-4040"]
2026-06-29 18:40:05 INFO  [restartedMain] TomcatWebServer - Tomcat started on port 4040 (http) with context path '/EmployeeManagementAPI'
2026-06-29 18:40:05 INFO  [restartedMain] EmployeeManagementApiApplication - Started EmployeeManagementApiApplication in 1.186 seconds (process running for 127.48)
2026-06-29 18:40:05 INFO  [restartedMain] ConditionEvaluationDeltaLoggingListener - Condition evaluation unchanged
2026-06-29 18:40:22 INFO  [restartedMain] EmployeeManagementApiApplication - Starting EmployeeManagementApiApplication using Java 21.0.11 with PID 23844 (C:\Users\Techtezllp\eclipse-workspace1\EmployeeManagementAPI\target\classes started by Techtezllp in C:\Users\Techtezllp\eclipse-workspace1\EmployeeManagementAPI)
2026-06-29 18:40:22 INFO  [restartedMain] EmployeeManagementApiApplication - No active profile set, falling back to 1 default profile: "default"
2026-06-29 18:40:22 INFO  [restartedMain] DevToolsPropertyDefaultsPostProcessor - Devtools property defaults active! Set 'spring.devtools.add-properties' to 'false' to disable
2026-06-29 18:40:22 INFO  [restartedMain] DevToolsPropertyDefaultsPostProcessor - For additional web related logging consider setting the 'logging.level.web' property to 'DEBUG'
2026-06-29 18:40:22 INFO  [background-preinit] Version - HV000001: Hibernate Validator 9.1.0.Final
2026-06-29 18:40:23 INFO  [restartedMain] RepositoryConfigurationDelegate - Bootstrapping Spring Data JPA repositories in DEFAULT mode.
2026-06-29 18:40:23 INFO  [restartedMain] RepositoryConfigurationDelegate - Finished Spring Data repository scanning in 91 ms. Found 1 JPA repository interface.
2026-06-29 18:40:24 INFO  [restartedMain] TomcatWebServer - Tomcat initialized with port 4040 (http)
2026-06-29 18:40:24 INFO  [restartedMain] Http11NioProtocol - Initializing ProtocolHandler ["http-nio-4040"]
2026-06-29 18:40:24 INFO  [restartedMain] StandardService - Starting service [Tomcat]
2026-06-29 18:40:24 INFO  [restartedMain] StandardEngine - Starting Servlet engine: [Apache Tomcat/11.0.22]
2026-06-29 18:40:24 INFO  [restartedMain] WebApplicationContextInitializer - Root WebApplicationContext: initialization completed in 2319 ms
2026-06-29 18:40:24 INFO  [restartedMain] jpa - HHH008540: Processing PersistenceUnitInfo [name: default]
2026-06-29 18:40:24 INFO  [restartedMain] core - HHH000001: Hibernate ORM core version 7.4.1.Final
2026-06-29 18:40:25 INFO  [restartedMain] SpringPersistenceUnitInfo - No LoadTimeWeaver setup: ignoring JPA class transformer
2026-06-29 18:40:25 WARN  [restartedMain] HikariConfig - HikariPool-1 - keepaliveTime is less than 30000ms, disabling it.
2026-06-29 18:40:25 INFO  [restartedMain] HikariDataSource - HikariPool-1 - Starting...
2026-06-29 18:40:26 INFO  [restartedMain] HikariPool - HikariPool-1 - Added connection com.mysql.cj.jdbc.ConnectionImpl@457ea1f2
2026-06-29 18:40:26 INFO  [restartedMain] HikariDataSource - HikariPool-1 - Start completed.
2026-06-29 18:40:26 INFO  [restartedMain] pooling - HHH10001005: Database info:
	Database JDBC URL [jdbc:mysql:///techtezworkspace1]
	Database driver: MySQL Connector/J
	Database dialect: MySQLDialect
	Database version: 8.0.46
	Default catalog/schema: techtezworkspace1/undefined
	Autocommit mode: undefined/unknown
	Isolation level: REPEATABLE_READ [default REPEATABLE_READ]
	JDBC fetch size: none
	Pool: DataSourceConnectionProvider
	Minimum pool size: undefined/unknown
	Maximum pool size: undefined/unknown
2026-06-29 18:40:27 INFO  [restartedMain] core - HHH000489: No JTA platform available (set 'hibernate.transaction.jta.platform' to enable JTA platform integration)
2026-06-29 18:40:27 INFO  [restartedMain] LocalContainerEntityManagerFactoryBean - Initialized JPA EntityManagerFactory for persistence unit 'default'
2026-06-29 18:40:27 INFO  [restartedMain] QueryEnhancerFactories - Hibernate is in classpath; If applicable, HQL parser will be used.
2026-06-29 18:40:27 WARN  [restartedMain] JpaBaseConfiguration$JpaWebConfiguration - spring.jpa.open-in-view is enabled by default. Therefore, database queries may be performed during view rendering. Explicitly configure spring.jpa.open-in-view to disable this warning
2026-06-29 18:40:28 INFO  [restartedMain] Http11NioProtocol - Starting ProtocolHandler ["http-nio-4040"]
2026-06-29 18:40:28 INFO  [restartedMain] TomcatWebServer - Tomcat started on port 4040 (http) with context path '/EmployeeManagementAPI'
2026-06-29 18:40:28 INFO  [restartedMain] EmployeeManagementApiApplication - Started EmployeeManagementApiApplication in 6.472 seconds (process running for 7.416)
2026-06-29 18:40:35 INFO  [http-nio-4040-exec-1] [/EmployeeManagementAPI] - Initializing Spring DispatcherServlet 'dispatcherServlet'
2026-06-29 18:40:35 INFO  [http-nio-4040-exec-1] DispatcherServlet - Initializing Servlet 'dispatcherServlet'
2026-06-29 18:40:35 INFO  [http-nio-4040-exec-1] DispatcherServlet - Completed initialization in 4 ms
2026-06-29 18:40:35 INFO  [http-nio-4040-exec-1] EmployeeOperationsController - Received Request to save Employee
2026-06-29 18:40:35 INFO  [http-nio-4040-exec-1] EmployeeServiceImpl - Employee Saved with id : 1004
2026-06-29 18:40:35 INFO  [http-nio-4040-exec-1] EmployeeOperationsController - Employee saved Successfully
2026-06-29 18:40:43 WARN  [http-nio-4040-exec-3] ExceptionHandlerExceptionResolver - Resolved [org.springframework.web.bind.MethodArgumentNotValidException: Validation failed for argument [0] in public org.springframework.http.ResponseEntity<java.lang.String> com.techtez.rest.EmployeeOperationsController.saveEmployee(com.techtez.entity.Employee): [Field error in object 'employee' on field 'mobile_no': rejected value [98767543210]; codes [Pattern.employee.mobile_no,Pattern.mobile_no,Pattern.java.lang.String,Pattern]; arguments [org.springframework.context.support.DefaultMessageSourceResolvable: codes [employee.mobile_no,mobile_no]; arguments []; default message [mobile_no],[Ljakarta.validation.constraints.Pattern$Flag;@42726aef,^[6-9][0-9]{9}$]; default message [Invalid mobile number]] ]
2026-06-29 18:41:11 ERROR [http-nio-4040-exec-5] EmployeeErrorHandler - RuntimeEception Occurred at /EmployeeManagementAPI/employees/save : JSON parse error: Unexpected character ('}' (code 125)): was expecting double-quote to start property name
org.springframework.http.converter.HttpMessageNotReadableException: JSON parse error: Unexpected character ('}' (code 125)): was expecting double-quote to start property name
	at org.springframework.http.converter.AbstractJacksonHttpMessageConverter.readJavaType(AbstractJacksonHttpMessageConverter.java:363)
	at org.springframework.http.converter.AbstractJacksonHttpMessageConverter.read(AbstractJacksonHttpMessageConverter.java:319)
	at org.springframework.web.servlet.mvc.method.annotation.AbstractMessageConverterMethodArgumentResolver.readWithMessageConverters(AbstractMessageConverterMethodArgumentResolver.java:203)
	at org.springframework.web.servlet.mvc.method.annotation.RequestResponseBodyMethodProcessor.readWithMessageConverters(RequestResponseBodyMethodProcessor.java:181)
	at org.springframework.web.servlet.mvc.method.annotation.RequestResponseBodyMethodProcessor.resolveArgument(RequestResponseBodyMethodProcessor.java:156)
	at org.springframework.web.method.support.HandlerMethodArgumentResolverComposite.resolveArgument(HandlerMethodArgumentResolverComposite.java:122)
	at org.springframework.web.method.support.InvocableHandlerMethod.getMethodArgumentValues(InvocableHandlerMethod.java:224)
	at org.springframework.web.method.support.InvocableHandlerMethod.invokeForRequest(InvocableHandlerMethod.java:174)
	at org.springframework.web.servlet.mvc.method.annotation.ServletInvocableHandlerMethod.invokeAndHandle(ServletInvocableHandlerMethod.java:117)
	at org.springframework.web.servlet.mvc.method.annotation.RequestMappingHandlerAdapter.invokeHandlerMethod(RequestMappingHandlerAdapter.java:934)
	at org.springframework.web.servlet.mvc.method.annotation.RequestMappingHandlerAdapter.handleInternal(RequestMappingHandlerAdapter.java:853)
	at org.springframework.web.servlet.mvc.method.AbstractHandlerMethodAdapter.handle(AbstractHandlerMethodAdapter.java:86)
	at org.springframework.web.servlet.DispatcherServlet.doDispatch(DispatcherServlet.java:963)
	at org.springframework.web.servlet.DispatcherServlet.doService(DispatcherServlet.java:866)
	at org.springframework.web.servlet.FrameworkServlet.processRequest(FrameworkServlet.java:1000)
	at org.springframework.web.servlet.FrameworkServlet.doPost(FrameworkServlet.java:903)
	at jakarta.servlet.http.HttpServlet.service(HttpServlet.java:649)
	at org.springframework.web.servlet.FrameworkServlet.service(FrameworkServlet.java:874)
	at jakarta.servlet.http.HttpServlet.service(HttpServlet.java:710)
	at org.apache.catalina.core.ApplicationFilterChain.doFilter(ApplicationFilterChain.java:128)
	at org.apache.tomcat.websocket.server.WsFilter.doFilter(WsFilter.java:53)
	at org.apache.catalina.core.ApplicationFilterChain.doFilter(ApplicationFilterChain.java:107)
	at org.springframework.web.filter.RequestContextFilter.doFilterInternal(RequestContextFilter.java:100)
	at org.springframework.web.filter.OncePerRequestFilter.doFilter(OncePerRequestFilter.java:116)
	at org.apache.catalina.core.ApplicationFilterChain.doFilter(ApplicationFilterChain.java:107)
	at org.springframework.web.filter.FormContentFilter.doFilterInternal(FormContentFilter.java:93)
	at org.springframework.web.filter.OncePerRequestFilter.doFilter(OncePerRequestFilter.java:116)
	at org.apache.catalina.core.ApplicationFilterChain.doFilter(ApplicationFilterChain.java:107)
	at org.springframework.web.filter.CharacterEncodingFilter.doFilterInternal(CharacterEncodingFilter.java:199)
	at org.springframework.web.filter.OncePerRequestFilter.doFilter(OncePerRequestFilter.java:116)
	at org.apache.catalina.core.ApplicationFilterChain.doFilter(ApplicationFilterChain.java:107)
	at org.apache.catalina.core.StandardWrapperValve.invoke(StandardWrapperValve.java:165)
	at org.apache.catalina.core.StandardContextValve.invoke(StandardContextValve.java:77)
	at org.apache.catalina.authenticator.AuthenticatorBase.invoke(AuthenticatorBase.java:492)
	at org.apache.catalina.core.StandardHostValve.invoke(StandardHostValve.java:113)
	at org.apache.catalina.valves.ErrorReportValve.invoke(ErrorReportValve.java:83)
	at org.apache.catalina.core.StandardEngineValve.invoke(StandardEngineValve.java:72)
	at org.apache.catalina.connector.CoyoteAdapter.service(CoyoteAdapter.java:341)
	at org.apache.coyote.http11.Http11Processor.service(Http11Processor.java:397)
	at org.apache.coyote.AbstractProcessorLight.process(AbstractProcessorLight.java:63)
	at org.apache.coyote.AbstractProtocol$ConnectionHandler.process(AbstractProtocol.java:1272)
	at org.apache.tomcat.util.net.NioEndpoint$SocketProcessor.doRun(NioEndpoint.java:1801)
	at org.apache.tomcat.util.net.SocketProcessorBase.run(SocketProcessorBase.java:52)
	at org.apache.tomcat.util.threads.ThreadPoolExecutor.runWorker(ThreadPoolExecutor.java:946)
	at org.apache.tomcat.util.threads.ThreadPoolExecutor$Worker.run(ThreadPoolExecutor.java:480)
	at org.apache.tomcat.util.threads.TaskThread$WrappingRunnable.run(TaskThread.java:57)
	at java.base/java.lang.Thread.run(Thread.java:1583)
Caused by: tools.jackson.core.exc.StreamReadException: Unexpected character ('}' (code 125)): was expecting double-quote to start property name
 at [Source: REDACTED (`StreamReadFeature.INCLUDE_SOURCE_IN_LOCATION` disabled); byte offset: #191]
	at tools.jackson.core.JsonParser._constructReadException(JsonParser.java:1856)
	at tools.jackson.core.base.ParserMinimalBase._reportUnexpectedChar(ParserMinimalBase.java:1049)
	at tools.jackson.core.json.UTF8StreamJsonParser._handleOddName(UTF8StreamJsonParser.java:2516)
	at tools.jackson.core.json.UTF8StreamJsonParser._parseName(UTF8StreamJsonParser.java:2126)
	at tools.jackson.core.json.UTF8StreamJsonParser.nextNameMatch(UTF8StreamJsonParser.java:1178)
	at tools.jackson.databind.deser.bean.BeanDeserializer.deserializeFromObject(BeanDeserializer.java:655)
	at tools.jackson.databind.deser.bean.BeanDeserializer.deserialize(BeanDeserializer.java:200)
	at tools.jackson.databind.deser.DeserializationContextExt.readRootValue(DeserializationContextExt.java:266)
	at tools.jackson.databind.ObjectReader._bindAndClose(ObjectReader.java:1888)
	at tools.jackson.databind.ObjectReader.readValue(ObjectReader.java:1270)
	at org.springframework.http.converter.AbstractJacksonHttpMessageConverter.readJavaType(AbstractJacksonHttpMessageConverter.java:352)
	... 46 more
2026-06-29 18:41:11 WARN  [http-nio-4040-exec-5] ExceptionHandlerExceptionResolver - Resolved [org.springframework.http.converter.HttpMessageNotReadableException: JSON parse error: Unexpected character ('}' (code 125)): was expecting double-quote to start property name]
2026-06-29 18:41:15 ERROR [http-nio-4040-exec-7] EmployeeErrorHandler - RuntimeEception Occurred at /EmployeeManagementAPI/employees/save : JSON parse error: Unexpected character ('}' (code 125)): was expecting double-quote to start property name
org.springframework.http.converter.HttpMessageNotReadableException: JSON parse error: Unexpected character ('}' (code 125)): was expecting double-quote to start property name
	at org.springframework.http.converter.AbstractJacksonHttpMessageConverter.readJavaType(AbstractJacksonHttpMessageConverter.java:363)
	at org.springframework.http.converter.AbstractJacksonHttpMessageConverter.read(AbstractJacksonHttpMessageConverter.java:319)
	at org.springframework.web.servlet.mvc.method.annotation.AbstractMessageConverterMethodArgumentResolver.readWithMessageConverters(AbstractMessageConverterMethodArgumentResolver.java:203)
	at org.springframework.web.servlet.mvc.method.annotation.RequestResponseBodyMethodProcessor.readWithMessageConverters(RequestResponseBodyMethodProcessor.java:181)
	at org.springframework.web.servlet.mvc.method.annotation.RequestResponseBodyMethodProcessor.resolveArgument(RequestResponseBodyMethodProcessor.java:156)
	at org.springframework.web.method.support.HandlerMethodArgumentResolverComposite.resolveArgument(HandlerMethodArgumentResolverComposite.java:122)
	at org.springframework.web.method.support.InvocableHandlerMethod.getMethodArgumentValues(InvocableHandlerMethod.java:224)
	at org.springframework.web.method.support.InvocableHandlerMethod.invokeForRequest(InvocableHandlerMethod.java:174)
	at org.springframework.web.servlet.mvc.method.annotation.ServletInvocableHandlerMethod.invokeAndHandle(ServletInvocableHandlerMethod.java:117)
	at org.springframework.web.servlet.mvc.method.annotation.RequestMappingHandlerAdapter.invokeHandlerMethod(RequestMappingHandlerAdapter.java:934)
	at org.springframework.web.servlet.mvc.method.annotation.RequestMappingHandlerAdapter.handleInternal(RequestMappingHandlerAdapter.java:853)
	at org.springframework.web.servlet.mvc.method.AbstractHandlerMethodAdapter.handle(AbstractHandlerMethodAdapter.java:86)
	at org.springframework.web.servlet.DispatcherServlet.doDispatch(DispatcherServlet.java:963)
	at org.springframework.web.servlet.DispatcherServlet.doService(DispatcherServlet.java:866)
	at org.springframework.web.servlet.FrameworkServlet.processRequest(FrameworkServlet.java:1000)
	at org.springframework.web.servlet.FrameworkServlet.doPost(FrameworkServlet.java:903)
	at jakarta.servlet.http.HttpServlet.service(HttpServlet.java:649)
	at org.springframework.web.servlet.FrameworkServlet.service(FrameworkServlet.java:874)
	at jakarta.servlet.http.HttpServlet.service(HttpServlet.java:710)
	at org.apache.catalina.core.ApplicationFilterChain.doFilter(ApplicationFilterChain.java:128)
	at org.apache.tomcat.websocket.server.WsFilter.doFilter(WsFilter.java:53)
	at org.apache.catalina.core.ApplicationFilterChain.doFilter(ApplicationFilterChain.java:107)
	at org.springframework.web.filter.RequestContextFilter.doFilterInternal(RequestContextFilter.java:100)
	at org.springframework.web.filter.OncePerRequestFilter.doFilter(OncePerRequestFilter.java:116)
	at org.apache.catalina.core.ApplicationFilterChain.doFilter(ApplicationFilterChain.java:107)
	at org.springframework.web.filter.FormContentFilter.doFilterInternal(FormContentFilter.java:93)
	at org.springframework.web.filter.OncePerRequestFilter.doFilter(OncePerRequestFilter.java:116)
	at org.apache.catalina.core.ApplicationFilterChain.doFilter(ApplicationFilterChain.java:107)
	at org.springframework.web.filter.CharacterEncodingFilter.doFilterInternal(CharacterEncodingFilter.java:199)
	at org.springframework.web.filter.OncePerRequestFilter.doFilter(OncePerRequestFilter.java:116)
	at org.apache.catalina.core.ApplicationFilterChain.doFilter(ApplicationFilterChain.java:107)
	at org.apache.catalina.core.StandardWrapperValve.invoke(StandardWrapperValve.java:165)
	at org.apache.catalina.core.StandardContextValve.invoke(StandardContextValve.java:77)
	at org.apache.catalina.authenticator.AuthenticatorBase.invoke(AuthenticatorBase.java:492)
	at org.apache.catalina.core.StandardHostValve.invoke(StandardHostValve.java:113)
	at org.apache.catalina.valves.ErrorReportValve.invoke(ErrorReportValve.java:83)
	at org.apache.catalina.core.StandardEngineValve.invoke(StandardEngineValve.java:72)
	at org.apache.catalina.connector.CoyoteAdapter.service(CoyoteAdapter.java:341)
	at org.apache.coyote.http11.Http11Processor.service(Http11Processor.java:397)
	at org.apache.coyote.AbstractProcessorLight.process(AbstractProcessorLight.java:63)
	at org.apache.coyote.AbstractProtocol$ConnectionHandler.process(AbstractProtocol.java:1272)
	at org.apache.tomcat.util.net.NioEndpoint$SocketProcessor.doRun(NioEndpoint.java:1801)
	at org.apache.tomcat.util.net.SocketProcessorBase.run(SocketProcessorBase.java:52)
	at org.apache.tomcat.util.threads.ThreadPoolExecutor.runWorker(ThreadPoolExecutor.java:946)
	at org.apache.tomcat.util.threads.ThreadPoolExecutor$Worker.run(ThreadPoolExecutor.java:480)
	at org.apache.tomcat.util.threads.TaskThread$WrappingRunnable.run(TaskThread.java:57)
	at java.base/java.lang.Thread.run(Thread.java:1583)
Caused by: tools.jackson.core.exc.StreamReadException: Unexpected character ('}' (code 125)): was expecting double-quote to start property name
 at [Source: REDACTED (`StreamReadFeature.INCLUDE_SOURCE_IN_LOCATION` disabled); byte offset: #191]
	at tools.jackson.core.JsonParser._constructReadException(JsonParser.java:1856)
	at tools.jackson.core.base.ParserMinimalBase._reportUnexpectedChar(ParserMinimalBase.java:1049)
	at tools.jackson.core.json.UTF8StreamJsonParser._handleOddName(UTF8StreamJsonParser.java:2516)
	at tools.jackson.core.json.UTF8StreamJsonParser._parseName(UTF8StreamJsonParser.java:2126)
	at tools.jackson.core.json.UTF8StreamJsonParser.nextNameMatch(UTF8StreamJsonParser.java:1178)
	at tools.jackson.databind.deser.bean.BeanDeserializer.deserializeFromObject(BeanDeserializer.java:655)
	at tools.jackson.databind.deser.bean.BeanDeserializer.deserialize(BeanDeserializer.java:200)
	at tools.jackson.databind.deser.DeserializationContextExt.readRootValue(DeserializationContextExt.java:266)
	at tools.jackson.databind.ObjectReader._bindAndClose(ObjectReader.java:1888)
	at tools.jackson.databind.ObjectReader.readValue(ObjectReader.java:1270)
	at org.springframework.http.converter.AbstractJacksonHttpMessageConverter.readJavaType(AbstractJacksonHttpMessageConverter.java:352)
	... 46 more
2026-06-29 18:41:15 WARN  [http-nio-4040-exec-7] ExceptionHandlerExceptionResolver - Resolved [org.springframework.http.converter.HttpMessageNotReadableException: JSON parse error: Unexpected character ('}' (code 125)): was expecting double-quote to start property name]
2026-06-29 18:41:44 WARN  [http-nio-4040-exec-9] ExceptionHandlerExceptionResolver - Resolved [org.springframework.web.bind.MethodArgumentNotValidException: Validation failed for argument [0] in public org.springframework.http.ResponseEntity<java.lang.String> com.techtez.rest.EmployeeOperationsController.saveEmployee(com.techtez.entity.Employee): [Field error in object 'employee' on field 'salary': rejected value [null]; codes [NotNull.employee.salary,NotNull.salary,NotNull.java.lang.Double,NotNull]; arguments [org.springframework.context.support.DefaultMessageSourceResolvable: codes [employee.salary,salary]; arguments []; default message [salary]]; default message [Salary is required]] ]
2026-06-29 21:21:36 WARN  [HikariPool-1:housekeeper] HikariPool - HikariPool-1 - Thread starvation or clock leap detected (housekeeper delta=2h30m39s835ms906µs500ns).
2026-06-29 22:22:47 WARN  [HikariPool-1:housekeeper] HikariPool - HikariPool-1 - Thread starvation or clock leap detected (housekeeper delta=1m40s408ms240µs300ns).
2026-06-30 09:41:23 WARN  [HikariPool-1:housekeeper] HikariPool - HikariPool-1 - Thread starvation or clock leap detected (housekeeper delta=11h18m40s760ms430µs600ns).
2026-06-30 11:13:14 WARN  [HikariPool-1:housekeeper] HikariPool - HikariPool-1 - Thread starvation or clock leap detected (housekeeper delta=7m19s94ms78µs400ns).
2026-07-03 17:54:52 INFO  [restartedMain] EmployeeManagementApiApplication - Starting EmployeeManagementApiApplication using Java 21.0.11 with PID 17692 (C:\Users\Techtezllp\eclipse-workspace1\EmployeeManagementAPI\target\classes started by Techtezllp in C:\Users\Techtezllp\eclipse-workspace1\EmployeeManagementAPI)
2026-07-03 17:54:52 INFO  [restartedMain] EmployeeManagementApiApplication - No active profile set, falling back to 1 default profile: "default"
2026-07-03 17:54:52 INFO  [restartedMain] DevToolsPropertyDefaultsPostProcessor - Devtools property defaults active! Set 'spring.devtools.add-properties' to 'false' to disable
2026-07-03 17:54:52 INFO  [restartedMain] DevToolsPropertyDefaultsPostProcessor - For additional web related logging consider setting the 'logging.level.web' property to 'DEBUG'
2026-07-03 17:54:53 INFO  [background-preinit] Version - HV000001: Hibernate Validator 9.1.0.Final
2026-07-03 17:54:54 INFO  [restartedMain] RepositoryConfigurationDelegate - Bootstrapping Spring Data JPA repositories in DEFAULT mode.
2026-07-03 17:54:54 INFO  [restartedMain] RepositoryConfigurationDelegate - Finished Spring Data repository scanning in 81 ms. Found 1 JPA repository interface.
2026-07-03 17:54:54 INFO  [restartedMain] TomcatWebServer - Tomcat initialized with port 4040 (http)
2026-07-03 17:54:54 INFO  [restartedMain] Http11NioProtocol - Initializing ProtocolHandler ["http-nio-4040"]
2026-07-03 17:54:54 INFO  [restartedMain] StandardService - Starting service [Tomcat]
2026-07-03 17:54:54 INFO  [restartedMain] StandardEngine - Starting Servlet engine: [Apache Tomcat/11.0.22]
2026-07-03 17:54:55 INFO  [restartedMain] WebApplicationContextInitializer - Root WebApplicationContext: initialization completed in 2264 ms
2026-07-03 17:54:55 INFO  [restartedMain] jpa - HHH008540: Processing PersistenceUnitInfo [name: default]
2026-07-03 17:54:55 INFO  [restartedMain] core - HHH000001: Hibernate ORM core version 7.4.1.Final
2026-07-03 17:54:56 INFO  [restartedMain] SpringPersistenceUnitInfo - No LoadTimeWeaver setup: ignoring JPA class transformer
2026-07-03 17:54:56 WARN  [restartedMain] HikariConfig - HikariPool-1 - keepaliveTime is less than 30000ms, disabling it.
2026-07-03 17:54:56 INFO  [restartedMain] HikariDataSource - HikariPool-1 - Starting...
2026-07-03 17:54:56 INFO  [restartedMain] HikariPool - HikariPool-1 - Added connection com.mysql.cj.jdbc.ConnectionImpl@4b483717
2026-07-03 17:54:56 INFO  [restartedMain] HikariDataSource - HikariPool-1 - Start completed.
2026-07-03 17:54:56 INFO  [restartedMain] pooling - HHH10001005: Database info:
	Database JDBC URL [jdbc:mysql:///techtezworkspace1]
	Database driver: MySQL Connector/J
	Database dialect: MySQLDialect
	Database version: 8.0.46
	Default catalog/schema: techtezworkspace1/undefined
	Autocommit mode: undefined/unknown
	Isolation level: REPEATABLE_READ [default REPEATABLE_READ]
	JDBC fetch size: none
	Pool: DataSourceConnectionProvider
	Minimum pool size: undefined/unknown
	Maximum pool size: undefined/unknown
2026-07-03 17:54:57 INFO  [restartedMain] core - HHH000489: No JTA platform available (set 'hibernate.transaction.jta.platform' to enable JTA platform integration)
2026-07-03 17:54:57 INFO  [restartedMain] LocalContainerEntityManagerFactoryBean - Initialized JPA EntityManagerFactory for persistence unit 'default'
2026-07-03 17:54:58 INFO  [restartedMain] QueryEnhancerFactories - Hibernate is in classpath; If applicable, HQL parser will be used.
2026-07-03 17:54:58 WARN  [restartedMain] JpaBaseConfiguration$JpaWebConfiguration - spring.jpa.open-in-view is enabled by default. Therefore, database queries may be performed during view rendering. Explicitly configure spring.jpa.open-in-view to disable this warning
2026-07-03 17:54:58 INFO  [restartedMain] Http11NioProtocol - Starting ProtocolHandler ["http-nio-4040"]
2026-07-03 17:54:58 INFO  [restartedMain] TomcatWebServer - Tomcat started on port 4040 (http) with context path '/EmployeeManagementAPI'
2026-07-03 17:54:58 INFO  [restartedMain] EmployeeManagementApiApplication - Started EmployeeManagementApiApplication in 6.59 seconds (process running for 7.601)
